file,storage_file,archive_member,official_publisher,url,source,accessed_at,license,format,size_bytes,sha256,storage_size_bytes,storage_sha256,tls_verified
raw/egif/incendios-forestales.tgz,,,MITECO,https://datos.iepnb.es/datasets/incendios-forestales.tgz,https://datos.gob.es/es/catalogo/e05068001-estadistica-general-de-incendios-forestales,2026-10-08T20:49:07.819396+00:00,CC BY 4.0; http://creativecommons.org/licenses/by/4.0/deed.es,TGZ / RDF Turtle,24338263,49b60e9993df0467f405136e66a84a671767dc89d80696a49a153092274045cb,,,False
raw/rediam/perimetros_2025.gpkg,,,Junta de Andalucía / REDIAM,https://www.juntadeandalucia.es/medioambiente/mapwms/REDIAM_perimetros_incendios_forestales?SERVICE=WFS&VERSION=2.0.0&REQUEST=GetFeature&TYPENAMES=ms%3Aperim_incendios_2025&OUTPUTFORMAT=GeoPackage,https://www.juntadeandalucia.es/medioambiente/mapwms/REDIAM_perimetros_incendios_forestales?,2026-10-08T20:50:05.511764+00:00,Uso libre y gratuito con mencion a autores y propietarios; GetCapabilities,GeoPackage,389120,acb2695a6084bfed14367c3aaeebc11845bf65a724c81ac8071c3aa5a10d579a,,,True
raw/rediam/perimetros_2010.gpkg,,,Junta de Andalucía / REDIAM,https://www.juntadeandalucia.es/medioambiente/mapwms/REDIAM_perimetros_incendios_forestales?SERVICE=WFS&VERSION=2.0.0&REQUEST=GetFeature&TYPENAMES=ms%3Aperim_incendios_2010&OUTPUTFORMAT=GeoPackage,https://www.juntadeandalucia.es/medioambiente/mapwms/REDIAM_perimetros_incendios_forestales?,2026-10-08T20:50:19.622455+00:00,Uso libre y gratuito con mencion a autores y propietarios; GetCapabilities,GeoPackage,315392,5aaa5838eba2262f1d0113adfe2bd33d143f7f22cd93dfc0da1d500d07a22e6f,,,True
raw/rediam/perimetros_2008.gpkg,,,Junta de Andalucía / REDIAM,https://www.juntadeandalucia.es/medioambiente/mapwms/REDIAM_perimetros_incendios_forestales?SERVICE=WFS&VERSION=2.0.0&REQUEST=GetFeature&TYPENAMES=ms%3Aperim_incendios_2008&OUTPUTFORMAT=GeoPackage,https://www.juntadeandalucia.es/medioambiente/mapwms/REDIAM_perimetros_incendios_forestales?,2026-10-08T20:50:20.030390+00:00,Uso libre y gratuito con mencion a autores y propietarios; GetCapabilities,GeoPackage,380928,962c0c2d539cf39bcb80551881c044369a9883b0f0d684f4abe3fd179036fa7e,,,True
raw/rediam/perimetros_2011.gpkg,,,Junta de Andalucía / REDIAM,https://www.juntadeandalucia.es/medioambiente/mapwms/REDIAM_perimetros_incendios_forestales?SERVICE=WFS&VERSION=2.0.0&REQUEST=GetFeature&TYPENAMES=ms%3Aperim_incendios_2011&OUTPUTFORMAT=GeoPackage,https://www.juntadeandalucia.es/medioambiente/mapwms/REDIAM_perimetros_incendios_forestales?,2026-10-08T20:50:20.188221+00:00,Uso libre y gratuito con mencion a autores y propietarios; GetCapabilities,GeoPackage,270336,41fac672c83a313fa4447b1511aed032fe652c309134783b40b528494f32cae5,,,True
raw/rediam/perimetros_2009.gpkg,,,Junta de Andalucía / REDIAM,https://www.juntadeandalucia.es/medioambiente/mapwms/REDIAM_perimetros_incendios_forestales?SERVICE=WFS&VERSION=2.0.0&REQUEST=GetFeature&TYPENAMES=ms%3Aperim_incendios_2009&OUTPUTFORMAT=GeoPackage,https://www.juntadeandalucia.es/medioambiente/mapwms/REDIAM_perimetros_incendios_forestales?,2026-10-08T20:50:20.673790+00:00,Uso libre y gratuito con mencion a autores y propietarios; GetCapabilities,GeoPackage,1642496,658654495ebcadc8b1d67ea17969d805d0ab48cffe5374763c8c932a1314361f,,,True
raw/rediam/perimetros_2012.gpkg,,,Junta de Andalucía / REDIAM,https://www.juntadeandalucia.es/medioambiente/mapwms/REDIAM_perimetros_incendios_forestales?SERVICE=WFS&VERSION=2.0.0&REQUEST=GetFeature&TYPENAMES=ms%3Aperim_incendios_2012&OUTPUTFORMAT=GeoPackage,https://www.juntadeandalucia.es/medioambiente/mapwms/REDIAM_perimetros_incendios_forestales?,2026-10-08T20:50:20.775481+00:00,Uso libre y gratuito con mencion a autores y propietarios; GetCapabilities,GeoPackage,565248,ce540d15427a83396d136b55cd9e4e16f3da0bf5d883454c8bd473f83cb8a40b,,,True
raw/rediam/perimetros_2013.gpkg,,,Junta de Andalucía / REDIAM,https://www.juntadeandalucia.es/medioambiente/mapwms/REDIAM_perimetros_incendios_forestales?SERVICE=WFS&VERSION=2.0.0&REQUEST=GetFeature&TYPENAMES=ms%3Aperim_incendios_2013&OUTPUTFORMAT=GeoPackage,https://www.juntadeandalucia.es/medioambiente/mapwms/REDIAM_perimetros_incendios_forestales?,2026-10-08T20:50:20.909001+00:00,Uso libre y gratuito con mencion a autores y propietarios; GetCapabilities,GeoPackage,503808,69764272c81c95aef2cde0b53507293bfffb94a3fa9758aac5ab46a0bbcf55da,,,True
raw/rediam/perimetros_2015.gpkg,,,Junta de Andalucía / REDIAM,https://www.juntadeandalucia.es/medioambiente/mapwms/REDIAM_perimetros_incendios_forestales?SERVICE=WFS&VERSION=2.0.0&REQUEST=GetFeature&TYPENAMES=ms%3Aperim_incendios_2015&OUTPUTFORMAT=GeoPackage,https://www.juntadeandalucia.es/medioambiente/mapwms/REDIAM_perimetros_incendios_forestales?,2026-10-08T20:50:21.690153+00:00,Uso libre y gratuito con mencion a autores y propietarios; GetCapabilities,GeoPackage,540672,a201461578dc75029832cfe1a3b5b24801d70c11ef93bfde82bdeccbe97f5060,,,True
raw/rediam/perimetros_2014.gpkg,,,Junta de Andalucía / REDIAM,https://www.juntadeandalucia.es/medioambiente/mapwms/REDIAM_perimetros_incendios_forestales?SERVICE=WFS&VERSION=2.0.0&REQUEST=GetFeature&TYPENAMES=ms%3Aperim_incendios_2014&OUTPUTFORMAT=GeoPackage,https://www.juntadeandalucia.es/medioambiente/mapwms/REDIAM_perimetros_incendios_forestales?,2026-10-08T20:50:21.949852+00:00,Uso libre y gratuito con mencion a autores y propietarios; GetCapabilities,GeoPackage,1024000,310f6b01c7b8693e2f496e07d732fa3e3f67cce6c4e0ea4f70ea7fb1e2bea7a1,,,True
raw/rediam/perimetros_2016.gpkg,,,Junta de Andalucía / REDIAM,https://www.juntadeandalucia.es/medioambiente/mapwms/REDIAM_perimetros_incendios_forestales?SERVICE=WFS&VERSION=2.0.0&REQUEST=GetFeature&TYPENAMES=ms%3Aperim_incendios_2016&OUTPUTFORMAT=GeoPackage,https://www.juntadeandalucia.es/medioambiente/mapwms/REDIAM_perimetros_incendios_forestales?,2026-10-08T20:50:22.053467+00:00,Uso libre y gratuito con mencion a autores y propietarios; GetCapabilities,GeoPackage,1011712,b3d6ccc4536b718ec84d88f3b2281f2e514c3e8426f6d7642c6a2d3f34b3c2ac,,,True
raw/rediam/perimetros_2018.gpkg,,,Junta de Andalucía / REDIAM,https://www.juntadeandalucia.es/medioambiente/mapwms/REDIAM_perimetros_incendios_forestales?SERVICE=WFS&VERSION=2.0.0&REQUEST=GetFeature&TYPENAMES=ms%3Aperim_incendios_2018&OUTPUTFORMAT=GeoPackage,https://www.juntadeandalucia.es/medioambiente/mapwms/REDIAM_perimetros_incendios_forestales?,2026-10-08T20:50:22.742626+00:00,Uso libre y gratuito con mencion a autores y propietarios; GetCapabilities,GeoPackage,458752,afa2c3101e3e21512803258691abc2c4a17c74379091ad7e3090a7ecae2c2869,,,True
raw/rediam/perimetros_2017.gpkg,,,Junta de Andalucía / REDIAM,https://www.juntadeandalucia.es/medioambiente/mapwms/REDIAM_perimetros_incendios_forestales?SERVICE=WFS&VERSION=2.0.0&REQUEST=GetFeature&TYPENAMES=ms%3Aperim_incendios_2017&OUTPUTFORMAT=GeoPackage,https://www.juntadeandalucia.es/medioambiente/mapwms/REDIAM_perimetros_incendios_forestales?,2026-10-08T20:50:22.782349+00:00,Uso libre y gratuito con mencion a autores y propietarios; GetCapabilities,GeoPackage,1060864,a1bec2ace7cfeab6b8443d4f9e04c24e5eff70b3ec5b4ee766ccf9882270cf34,,,True
raw/rediam/perimetros_2019.gpkg,,,Junta de Andalucía / REDIAM,https://www.juntadeandalucia.es/medioambiente/mapwms/REDIAM_perimetros_incendios_forestales?SERVICE=WFS&VERSION=2.0.0&REQUEST=GetFeature&TYPENAMES=ms%3Aperim_incendios_2019&OUTPUTFORMAT=GeoPackage,https://www.juntadeandalucia.es/medioambiente/mapwms/REDIAM_perimetros_incendios_forestales?,2026-10-08T20:50:23.853516+00:00,Uso libre y gratuito con mencion a autores y propietarios; GetCapabilities,GeoPackage,1781760,e6a7e32dbfae4ed765fc3d280ecdfac01eeb93be8c6c647d58d91e0d3e4af674,,,True
raw/rediam/perimetros_2020.gpkg,,,Junta de Andalucía / REDIAM,https://www.juntadeandalucia.es/medioambiente/mapwms/REDIAM_perimetros_incendios_forestales?SERVICE=WFS&VERSION=2.0.0&REQUEST=GetFeature&TYPENAMES=ms%3Aperim_incendios_2020&OUTPUTFORMAT=GeoPackage,https://www.juntadeandalucia.es/medioambiente/mapwms/REDIAM_perimetros_incendios_forestales?,2026-10-08T20:50:24.333703+00:00,Uso libre y gratuito con mencion a autores y propietarios; GetCapabilities,GeoPackage,925696,25518d85f516a63a2cf68e63db74cdde801e0e7c63686e4561f617f112eafc56,,,True
raw/rediam/perimetros_2022.gpkg,,,Junta de Andalucía / REDIAM,https://www.juntadeandalucia.es/medioambiente/mapwms/REDIAM_perimetros_incendios_forestales?SERVICE=WFS&VERSION=2.0.0&REQUEST=GetFeature&TYPENAMES=ms%3Aperim_incendios_2022&OUTPUTFORMAT=GeoPackage,https://www.juntadeandalucia.es/medioambiente/mapwms/REDIAM_perimetros_incendios_forestales?,2026-10-08T20:50:25.220934+00:00,Uso libre y gratuito con mencion a autores y propietarios; GetCapabilities,GeoPackage,774144,30453dbf0a419155eeda1ef031f6da82ffa189204dcd54851d6d89ec7a2037b1,,,True
raw/rediam/perimetros_2021.gpkg,,,Junta de Andalucía / REDIAM,https://www.juntadeandalucia.es/medioambiente/mapwms/REDIAM_perimetros_incendios_forestales?SERVICE=WFS&VERSION=2.0.0&REQUEST=GetFeature&TYPENAMES=ms%3Aperim_incendios_2021&OUTPUTFORMAT=GeoPackage,https://www.juntadeandalucia.es/medioambiente/mapwms/REDIAM_perimetros_incendios_forestales?,2026-10-08T20:50:25.272256+00:00,Uso libre y gratuito con mencion a autores y propietarios; GetCapabilities,GeoPackage,905216,a25963d7f3e620b1b27fdb7ea34f343fb2d4fa2a2e901bb57ec686d4639c28c1,,,True
raw/rediam/perimetros_2024.gpkg,,,Junta de Andalucía / REDIAM,https://www.juntadeandalucia.es/medioambiente/mapwms/REDIAM_perimetros_incendios_forestales?SERVICE=WFS&VERSION=2.0.0&REQUEST=GetFeature&TYPENAMES=ms%3Aperim_incendios_2024&OUTPUTFORMAT=GeoPackage,https://www.juntadeandalucia.es/medioambiente/mapwms/REDIAM_perimetros_incendios_forestales?,2026-10-08T20:50:27.579866+00:00,Uso libre y gratuito con mencion a autores y propietarios; GetCapabilities,GeoPackage,2686976,e4a035d0e6cee892dd1ebcf296058a332b741bcc9fa9eff3096d743fa33d24b2,,,True
raw/rediam/perimetros_2023.gpkg,,,Junta de Andalucía / REDIAM,https://www.juntadeandalucia.es/medioambiente/mapwms/REDIAM_perimetros_incendios_forestales?SERVICE=WFS&VERSION=2.0.0&REQUEST=GetFeature&TYPENAMES=ms%3Aperim_incendios_2023&OUTPUTFORMAT=GeoPackage,https://www.juntadeandalucia.es/medioambiente/mapwms/REDIAM_perimetros_incendios_forestales?,2026-10-08T20:50:38.477939+00:00,Uso libre y gratuito con mencion a autores y propietarios; GetCapabilities,GeoPackage,32100352,fe2ec38ad08ff886c8e4b0d28117cbd1cd0da0eab55dfd713da8aaea55b06857,,,True
raw/rediam/areas_recorridas_historico.zip,,,Junta de Andalucía / REDIAM,https://www.juntadeandalucia.es/medioambiente/mapwms/REDIAM_WFS_area_recorrida_fuego?SERVICE=WFS&VERSION=2.0.0&REQUEST=GetFeature&TYPENAMES=ms%3AArea_afectada_historico&OUTPUTFORMAT=SHAPEZIP,https://www.juntadeandalucia.es/medioambiente/mapwms/REDIAM_WFS_area_recorrida_fuego?,2026-10-08T20:52:30.539416+00:00,CC BY 4.0; metadata/areas_catalog.xml,ZIP Shapefile,4147672,184ec1b666566503f30f40d19ce250e8d928ea48e81faf53aa0e5c40125161cc,,,True
raw/rediam/estadisticas_2025/03_Incendios_forestales_en_Andalucia_segun_causas_y_superficies_afectadas_2024.ods,,,Junta de Andalucía / REDIAM,https://portalrediam.cica.es/descargas/index.php/s/mxHMWXyHfrCxyNK/download?path=%2F16_INDICADORES_ESTADISTICAS%2F01_IMA%2FIMA_edicion_2025%2FEstadisticas_indicadores%2F08_Espacios_forestales%2F08_02_Incendios_forestales&files=03_Incendios_forestales_en_Andalucia_segun_causas_y_superficies_afectadas_2024.ods,https://www.juntadeandalucia.es/medioambiente/portal/acceso-rediam/estadisticas/estadisticas-oficiales/incendios-forestales-en-andalucia,2026-10-08T20:55:22.439405+00:00,"Condiciones generales REDIAM: citar fuente, no desnaturalizar, indicar ultima actualizacion; prevalece licencia especifica. No se localizo CC especifica en estos ODS.",ODS,161619,3dc493709cec48a30f570e9d74c8f46e0564e26e70cb15ec0c5ddf726fca445c,,,True
raw/rediam/estadisticas_2025/01_Incendios_forestales_en_Andalucia_por_provincias_2024.ods,,,Junta de Andalucía / REDIAM,https://portalrediam.cica.es/descargas/index.php/s/mxHMWXyHfrCxyNK/download?path=%2F16_INDICADORES_ESTADISTICAS%2F01_IMA%2FIMA_edicion_2025%2FEstadisticas_indicadores%2F08_Espacios_forestales%2F08_02_Incendios_forestales&files=01_Incendios_forestales_en_Andalucia_por_provincias_2024.ods,https://www.juntadeandalucia.es/medioambiente/portal/acceso-rediam/estadisticas/estadisticas-oficiales/incendios-forestales-en-andalucia,2026-10-08T20:55:22.443908+00:00,"Condiciones generales REDIAM: citar fuente, no desnaturalizar, indicar ultima actualizacion; prevalece licencia especifica. No se localizo CC especifica en estos ODS.",ODS,154980,2e625430254d155f7c91e18535b75cb59ab425c8c34d5a4936a50dcf4c156e32,,,True
raw/rediam/estadisticas_2025/02_Incendios_forestales_en_Andalucia_segun_causas_2024.ods,,,Junta de Andalucía / REDIAM,https://portalrediam.cica.es/descargas/index.php/s/mxHMWXyHfrCxyNK/download?path=%2F16_INDICADORES_ESTADISTICAS%2F01_IMA%2FIMA_edicion_2025%2FEstadisticas_indicadores%2F08_Espacios_forestales%2F08_02_Incendios_forestales&files=02_Incendios_forestales_en_Andalucia_segun_causas_2024.ods,https://www.juntadeandalucia.es/medioambiente/portal/acceso-rediam/estadisticas/estadisticas-oficiales/incendios-forestales-en-andalucia,2026-10-08T20:55:22.495394+00:00,"Condiciones generales REDIAM: citar fuente, no desnaturalizar, indicar ultima actualizacion; prevalece licencia especifica. No se localizo CC especifica en estos ODS.",ODS,157890,6b9514bae25497cee44a907c08b29342f626bf5e3bc82221a92931725eb5162d,,,True
raw/rediam/estadisticas_2025/06_Incendios_forestales_en_Andalucia_por_provincias_1990_2024.ods,,,Junta de Andalucía / REDIAM,https://portalrediam.cica.es/descargas/index.php/s/mxHMWXyHfrCxyNK/download?path=%2F16_INDICADORES_ESTADISTICAS%2F01_IMA%2FIMA_edicion_2025%2FEstadisticas_indicadores%2F08_Espacios_forestales%2F08_02_Incendios_forestales&files=06_Incendios_forestales_en_Andalucia_por_provincias_1990_2024.ods,https://www.juntadeandalucia.es/medioambiente/portal/acceso-rediam/estadisticas/estadisticas-oficiales/incendios-forestales-en-andalucia,2026-10-08T20:55:23.174408+00:00,"Condiciones generales REDIAM: citar fuente, no desnaturalizar, indicar ultima actualizacion; prevalece licencia especifica. No se localizo CC especifica en estos ODS.",ODS,162078,c680200104a1506ddd9dacc0c408556f2834ac6f07e01e81c20c19f2851fa7cf,,,True
raw/rediam/estadisticas_2025/05_Incendios_forestales_en_Andalucia_segun_la_extension_de_las_superficies_afectadas_2024.ods,,,Junta de Andalucía / REDIAM,https://portalrediam.cica.es/descargas/index.php/s/mxHMWXyHfrCxyNK/download?path=%2F16_INDICADORES_ESTADISTICAS%2F01_IMA%2FIMA_edicion_2025%2FEstadisticas_indicadores%2F08_Espacios_forestales%2F08_02_Incendios_forestales&files=05_Incendios_forestales_en_Andalucia_segun_la_extension_de_las_superficies_afectadas_2024.ods,https://www.juntadeandalucia.es/medioambiente/portal/acceso-rediam/estadisticas/estadisticas-oficiales/incendios-forestales-en-andalucia,2026-10-08T20:55:23.326007+00:00,"Condiciones generales REDIAM: citar fuente, no desnaturalizar, indicar ultima actualizacion; prevalece licencia especifica. No se localizo CC especifica en estos ODS.",ODS,155217,98a3c25c5d7de94fed925d1287f088be413b66fb57c0bd184590a2fd6f87ddcd,,,True
raw/rediam/estadisticas_2025/04_Incendios_forestales_en_Andalucia_segun_causas_y_dia_de_comienzo_2024.ods,,,Junta de Andalucía / REDIAM,https://portalrediam.cica.es/descargas/index.php/s/mxHMWXyHfrCxyNK/download?path=%2F16_INDICADORES_ESTADISTICAS%2F01_IMA%2FIMA_edicion_2025%2FEstadisticas_indicadores%2F08_Espacios_forestales%2F08_02_Incendios_forestales&files=04_Incendios_forestales_en_Andalucia_segun_causas_y_dia_de_comienzo_2024.ods,https://www.juntadeandalucia.es/medioambiente/portal/acceso-rediam/estadisticas/estadisticas-oficiales/incendios-forestales-en-andalucia,2026-10-08T20:55:23.376184+00:00,"Condiciones generales REDIAM: citar fuente, no desnaturalizar, indicar ultima actualizacion; prevalece licencia especifica. No se localizo CC especifica en estos ODS.",ODS,156625,a17d488f6f2dc82fb1752884ebd93180101207f034687dd01a6cf66999388c4a,,,True
raw/rediam/estadisticas_2025/07_Incendios_forestales_en_Andalucia_segun_causas_1990_2024.ods,,,Junta de Andalucía / REDIAM,https://portalrediam.cica.es/descargas/index.php/s/mxHMWXyHfrCxyNK/download?path=%2F16_INDICADORES_ESTADISTICAS%2F01_IMA%2FIMA_edicion_2025%2FEstadisticas_indicadores%2F08_Espacios_forestales%2F08_02_Incendios_forestales&files=07_Incendios_forestales_en_Andalucia_segun_causas_1990_2024.ods,https://www.juntadeandalucia.es/medioambiente/portal/acceso-rediam/estadisticas/estadisticas-oficiales/incendios-forestales-en-andalucia,2026-10-08T20:55:23.706357+00:00,"Condiciones generales REDIAM: citar fuente, no desnaturalizar, indicar ultima actualizacion; prevalece licencia especifica. No se localizo CC especifica en estos ODS.",ODS,177080,425165d395f0e1fa96e8fcae69aa289cf0674ccf1217510bc5ca8a1484af4ffe,,,True
raw/rediam/estadisticas_2025/08_Superficie_forestal_incendiada_en_Andalucia_por_provincias_1988_2024.ods,,,Junta de Andalucía / REDIAM,https://portalrediam.cica.es/descargas/index.php/s/mxHMWXyHfrCxyNK/download?path=%2F16_INDICADORES_ESTADISTICAS%2F01_IMA%2FIMA_edicion_2025%2FEstadisticas_indicadores%2F08_Espacios_forestales%2F08_02_Incendios_forestales&files=08_Superficie_forestal_incendiada_en_Andalucia_por_provincias_1988_2024.ods,https://www.juntadeandalucia.es/medioambiente/portal/acceso-rediam/estadisticas/estadisticas-oficiales/incendios-forestales-en-andalucia,2026-10-08T20:55:23.948513+00:00,"Condiciones generales REDIAM: citar fuente, no desnaturalizar, indicar ultima actualizacion; prevalece licencia especifica. No se localizo CC especifica en estos ODS.",ODS,167584,02abd5fe3fe8233d801c18598be9e0d558d7e0e59601da3f2aa919ba9987c39b,,,True
raw/rediam/estadisticas_2025/09_Medios_materiales_del_Plan_INFOCA_2024.ods,,,Junta de Andalucía / REDIAM,https://portalrediam.cica.es/descargas/index.php/s/mxHMWXyHfrCxyNK/download?path=%2F16_INDICADORES_ESTADISTICAS%2F01_IMA%2FIMA_edicion_2025%2FEstadisticas_indicadores%2F08_Espacios_forestales%2F08_02_Incendios_forestales&files=09_Medios_materiales_del_Plan_INFOCA_2024.ods,https://www.juntadeandalucia.es/medioambiente/portal/acceso-rediam/estadisticas/estadisticas-oficiales/incendios-forestales-en-andalucia,2026-10-08T20:55:24.028326+00:00,"Condiciones generales REDIAM: citar fuente, no desnaturalizar, indicar ultima actualizacion; prevalece licencia especifica. No se localizo CC especifica en estos ODS.",ODS,158414,a7df3a047de11fbe9a34185411626dcc2f36af6f36dae09cdfd697dfd795b686,,,True
raw/rediam/estadisticas_2025/10_Medios_humanos_del_Plan_INFOCA__2014_2024.ods,,,Junta de Andalucía / REDIAM,https://portalrediam.cica.es/descargas/index.php/s/mxHMWXyHfrCxyNK/download?path=%2F16_INDICADORES_ESTADISTICAS%2F01_IMA%2FIMA_edicion_2025%2FEstadisticas_indicadores%2F08_Espacios_forestales%2F08_02_Incendios_forestales&files=10_Medios_humanos_del_Plan_INFOCA__2014_2024.ods,https://www.juntadeandalucia.es/medioambiente/portal/acceso-rediam/estadisticas/estadisticas-oficiales/incendios-forestales-en-andalucia,2026-10-08T20:55:24.278600+00:00,"Condiciones generales REDIAM: citar fuente, no desnaturalizar, indicar ultima actualizacion; prevalece licencia especifica. No se localizo CC especifica en estos ODS.",ODS,155333,01179447d2f1f5f1b207f7385b0ea13553805d608eff35fc6bde646966d84074,,,True
raw/rediam/estadisticas_2025/11_Red_areas_pasto_cortafuegos_2011-2024.ods,,,Junta de Andalucía / REDIAM,https://portalrediam.cica.es/descargas/index.php/s/mxHMWXyHfrCxyNK/download?path=%2F16_INDICADORES_ESTADISTICAS%2F01_IMA%2FIMA_edicion_2025%2FEstadisticas_indicadores%2F08_Espacios_forestales%2F08_02_Incendios_forestales&files=11_Red_areas_pasto_cortafuegos_2011-2024.ods,https://www.juntadeandalucia.es/medioambiente/portal/acceso-rediam/estadisticas/estadisticas-oficiales/incendios-forestales-en-andalucia,2026-10-08T20:55:24.517546+00:00,"Condiciones generales REDIAM: citar fuente, no desnaturalizar, indicar ultima actualizacion; prevalece licencia especifica. No se localizo CC especifica en estos ODS.",ODS,177891,e11ff5849c4cb803e1181ddada84d39ca31176bbe3155649bda92521f43b2111,,,True
raw/egif/egif_malaga_1968_2026_consulta.zip,,,MITECO,https://servicio.mapa.gob.es/incendios/Search/DescargaZipXml?guid=2c53cb07-9a8c-4a26-8a70-d8fc7beaea74&pakete=,https://servicio.mapa.gob.es/incendios/Search/Publico,2026-10-08T20:56:40.257104+00:00,Licencia especifica EGIF web no localizada. Referencia: aviso legal MITECO autoriza reutilizacion citando fuente y conservando metadatos; no atribuir CC BY del RDF a este XML.,ZIP/XML,2061046,5cad25f4d26d328f179ea3bd7aecc58b0fd314ec214ec2b346257a566b8d1d3a,,,False
raw/rediam/incendios_historicos.gpkg,raw/rediam/incendios_historicos.gpkg.zip,incendios_historicos.gpkg,Junta de Andalucía / REDIAM,https://portalrediam.cica.es/descargas/index.php/s/mxHMWXyHfrCxyNK/download?path=%2F06_RIESGOS_NATURALES_TECNOLOG%2F03_ACCIDENTES_DESASTRES%2F01_INCENDIOS%2F00_INCENDIOS%2FAreasRecorrFuego%2FInfGeografica%2FInfVectorial%2FGpkg&files=incendios_historicos.gpkg,https://portalrediam.cica.es/geonetwork/srv/api/records/0b9aa872-ad3d-4e30-941a-40a9968be6b0/formatters/xml,2026-10-08T20:57:58.398938+00:00,CC BY 4.0; metadata/areas_catalog.xml,GeoPackage,110497792,011fc82487dce52956b8cc0313f065166bc7bf3ef22e6dd849f785bb3e126a97,66816557,56fba6dfb8bd537754bacaca73a9944908a761db9ecbeb7190007067e0d877ac,True
raw/egif/documentacion/uso_buscador.pdf,,,MITECO,https://www.miteco.gob.es/content/dam/miteco/es/biodiversidad/temas/incendios-forestales/Ayuda%20uso%20BUSCADOR%20EGIF_v3.pdf,https://www.miteco.gob.es/es/biodiversidad/temas/incendios-forestales/estadisticas-datos.html,2026-10-08T20:57:59.140844+00:00,"Aviso legal MITECO: citar fuente, respetar derechos de terceros y metadatos",PDF,573852,608aa1cae949c20c374b0ccff94bca41a0d0cef8a350d3f1dbbf2a787a12bf63,,,True
raw/egif/documentacion/interpretacion_bd.pdf,,,MITECO,https://www.miteco.gob.es/content/dam/miteco/es/biodiversidad/temas/incendios-forestales/estad%C3%ADstica-iiff/Interpretaci%C3%B3n%20BD_Egifweb.pdf,https://www.miteco.gob.es/es/biodiversidad/temas/incendios-forestales/estadisticas-datos.html,2026-10-08T20:57:59.555907+00:00,"Aviso legal MITECO: citar fuente, respetar derechos de terceros y metadatos",PDF,30215,c579cabe63684daa5d1caec9f591c9bfaa93c655d64a699e56b707a444b5e7e7,,,True
raw/rediam/MdD_AreasRecorrFuego.pdf,,,Junta de Andalucía / REDIAM,https://portalrediam.cica.es/descargas/index.php/s/mxHMWXyHfrCxyNK/download?path=%2F06_RIESGOS_NATURALES_TECNOLOG%2F03_ACCIDENTES_DESASTRES%2F01_INCENDIOS%2F00_INCENDIOS%2FAreasRecorrFuego%2FModeloDatos&files=MdD_AreasRecorrFuego.pdf,https://portalrediam.cica.es/geonetwork/srv/api/records/0b9aa872-ad3d-4e30-941a-40a9968be6b0/formatters/xml,2026-10-08T20:58:23.431814+00:00,Condiciones generales REDIAM; consultar documento,PDF,74340,6b25ccf25a1866bdb50d525b77381a92c102044565a1c7923bdfdef3c45be13b,,,True
raw/egif/diccionarios/provincias_andalucia.json,,,MITECO,https://servicio.mapa.gob.es/incendios/ParteIncendioForestal/ProvinciasByCCAAIdPublico?id=4,https://servicio.mapa.gob.es/incendios/Search/Publico,2026-10-08T20:58:23.903737+00:00,Referencia: aviso legal MITECO; licencia especifica de EGIF web no localizada,JSON,385,e8651a05dbd5fc9969b7b4a82557fa9d9b94f9a0b4cdde0dcf51d041016ae922,,,False
