snapshot,valid_time_utc,model_time_utc,lead_hours,policy,coverage_pct,mean_eta_min,p95_eta_min,km,co2_kg,totalHarm,delta_harm_vs_zero,paired_bootstrap_low,paired_bootstrap_high
down_20261007_peligro_p_D02-24297c444c84,2026-10-09T12:00:00Z,2026-10-07T12:00:00Z,48,0,100,41.638327180555535,87.70017999999973,1585.6496767000028,364.69942564100006,17468.789560117133,0,0,0
down_20261007_peligro_p_D02-24297c444c84,2026-10-09T12:00:00Z,2026-10-07T12:00:00Z,48,0.2,100,41.57019895833332,88.88321499999967,1578.1196365999995,362.96751641799966,17402.896698564546,-65.89286155262984,-113.01515036413396,-12.316140628321667
down_20261007_peligro_p_D02-24297c444c84,2026-10-09T12:00:00Z,2026-10-07T12:00:00Z,48,0.35,100,41.78509923611118,94.74367333333399,1609.7881566000015,370.25127601799994,17424.047908933917,-44.74165118323829,-116.84042758286249,35.87255376532117
down_20261007_peligro_p_D02-24297c444c84,2026-10-09T12:00:00Z,2026-10-07T12:00:00Z,48,0.5,100,42.53262777777781,99.67087000000086,1640.1621213999965,377.237287922,17711.829214840564,243.0396547234265,159.17216462838942,325.64348281432416
down_20261007_peligro_p_D02-24297c444c84,2026-10-09T12:00:00Z,2026-10-07T12:00:00Z,48,1,100,46.669580666666675,103.07099666666619,1846.3517902999993,424.6609117690001,19422.867087290528,1954.077527173401,1863.893770645678,2050.3936692851626
down_20261007_peligro_p_D02-24297c444c84,2026-10-09T12:00:00Z,2026-10-07T12:00:00Z,48,eta-greedy,100,41.747370013888926,88.13090166666638,1596.9442837000001,367.2971852510003,17513.553155561967,44.76359544483246,28.923161070543657,60.68692654189795
down_20261007_peligro_p_D02-24297c444c84,2026-10-09T12:00:00Z,2026-10-07T12:00:00Z,48,distance-greedy,100,43.01139441666662,91.93828333333234,1143.3208145999981,262.96378735800005,18059.472164350747,590.6826042336013,505.73232275357276,680.1666657521507
down_20261007_peligro_p_D01-3acf9899447e,2026-10-08T12:00:00Z,2026-10-07T12:00:00Z,24,0,100,41.450205430555556,87.72712166666639,1580.5938605000003,363.536587915,17393.110753567387,0,0,0
down_20261007_peligro_p_D01-3acf9899447e,2026-10-08T12:00:00Z,2026-10-07T12:00:00Z,24,0.2,100,41.495643124999944,88.2169749999998,1560.8103683999998,358.98638473200026,17400.292029918193,7.181276350786844,-35.4766865325084,50.32037516759023
down_20261007_peligro_p_D01-3acf9899447e,2026-10-08T12:00:00Z,2026-10-07T12:00:00Z,24,0.35,100,41.68919126388889,91.01974166666645,1525.284328300001,350.8153955090002,17447.264242282956,54.1534887155824,-4.506315164347521,113.48800001543343
down_20261007_peligro_p_D01-3acf9899447e,2026-10-08T12:00:00Z,2026-10-07T12:00:00Z,24,0.5,100,41.82697529166667,94.51108666666663,1495.2647519999991,343.91089295999956,17446.274076954778,53.163323387383485,-12.399087609762265,117.3250438570904
down_20261007_peligro_p_D01-3acf9899447e,2026-10-08T12:00:00Z,2026-10-07T12:00:00Z,24,1,100,43.51286549999997,101.52400500000041,1507.7445804999984,346.7812535150001,18081.600285584584,688.4895320172246,595.2653381630706,774.5470968237859
down_20261007_peligro_p_D01-3acf9899447e,2026-10-08T12:00:00Z,2026-10-07T12:00:00Z,24,eta-greedy,100,41.55071420833333,88.19194333333303,1591.2975874999981,365.9984451249997,17436.443391280125,43.33263771274358,27.327762179475016,58.599151651541895
down_20261007_peligro_p_D01-3acf9899447e,2026-10-08T12:00:00Z,2026-10-07T12:00:00Z,24,distance-greedy,100,42.9540492222222,91.84048999999914,1142.4929973999992,262.77338940200036,18006.318586804045,613.2078332366746,536.4192865881075,695.7457340216486
down_20261007_peligro_p_D04-7ab3652678c2,2026-10-11T12:00:00Z,2026-10-07T12:00:00Z,96,0,100,41.644773402777815,87.97908499999969,1585.2170351999976,364.5999180960001,17490.177886454512,0,0,0
down_20261007_peligro_p_D04-7ab3652678c2,2026-10-11T12:00:00Z,2026-10-07T12:00:00Z,96,0.2,100,41.608517208333424,88.48012833333307,1562.4937882999998,359.3735713090001,17470.552760287013,-19.625126167482065,-58.085716238975024,26.761752520821044
down_20261007_peligro_p_D04-7ab3652678c2,2026-10-11T12:00:00Z,2026-10-07T12:00:00Z,96,0.35,100,41.68935655555556,90.9671116666664,1527.1136691999989,351.2361439160003,17450.812507818173,-39.36537863634793,-94.10000295357226,22.083434616289544
down_20261007_peligro_p_D04-7ab3652678c2,2026-10-11T12:00:00Z,2026-10-07T12:00:00Z,96,0.5,100,41.92609823611105,94.74166,1499.0546745000001,344.782575135,17499.1425138342,8.96462737967165,-58.17490898793473,75.91054919353364
down_20261007_peligro_p_D04-7ab3652678c2,2026-10-11T12:00:00Z,2026-10-07T12:00:00Z,96,1,100,43.720062819444486,101.7449866666671,1511.8079728999994,347.7158337670003,18161.920624550643,671.7427380961616,586.7390387061897,767.9974171029493
down_20261007_peligro_p_D04-7ab3652678c2,2026-10-11T12:00:00Z,2026-10-07T12:00:00Z,96,eta-greedy,100,41.74158240277781,88.56951833333301,1596.408665999999,367.1739931800001,17530.874497676763,40.69661122228355,23.530821259037204,58.69624705856276
down_20261007_peligro_p_D04-7ab3652678c2,2026-10-11T12:00:00Z,2026-10-07T12:00:00Z,96,distance-greedy,100,43.05527381944443,91.83779166666572,1144.2794648999998,263.18427692700016,18077.265694287937,587.0878078334567,507.8730387364487,678.2302731767078
