snapshot,valid_utc,service_min,K,policy,classification,deltaH,bootstrap_low,bootstrap_high,event_count,coverage,response_min,wait_min,km,co2_kg,unserved,different_active_day_dispatches
down_20261007_peligro_p_D02-24297c444c84,2026-10-09T12:00:00Z,45,10,0,reference,0,0,0,1464,0.8736338797814208,61.87452697419861,0.10259968725566851,76627.83600000007,17624.402279999988,185,0
down_20261007_peligro_p_D02-24297c444c84,2026-10-09T12:00:00Z,45,10,0.2,positive,0.554938373221565,0.40814466732721616,0.7044773208484696,1464,0.8736338797814208,62.77040135522545,0.10259968725566851,77050.7608,17721.674984000005,185,75
down_20261007_peligro_p_D02-24297c444c84,2026-10-09T12:00:00Z,45,10,0.35,positive,0.6184045230323494,0.4868731818574352,0.7779869728349719,1464,0.8736338797814208,62.86464685952568,0.10259968725566851,77314.9541,17782.439443,185,79
down_20261007_peligro_p_D02-24297c444c84,2026-10-09T12:00:00Z,45,10,0.5,positive,0.673853004510674,0.5098729236059479,0.8681746778434546,1464,0.8736338797814208,62.93502475892625,0.10259968725566851,77436.47800000003,17810.38994,185,81
down_20261007_peligro_p_D02-24297c444c84,2026-10-09T12:00:00Z,45,10,1,positive,0.8774666172411231,0.6633697795615834,1.111876073107116,1464,0.875,63.247668488160315,0.10243950039032008,77780.37060000005,17889.48523800001,183,90
down_20261007_peligro_p_D02-24297c444c84,2026-10-09T12:00:00Z,45,10,eta-greedy,inconclusive,-0.00022075169001099904,-0.0006622550700329971,0,1464,0.8736338797814208,61.874227260880915,0.10259968725566851,76641.58290000007,17627.56406699999,185,1
down_20261007_peligro_p_D02-24297c444c84,2026-10-09T12:00:00Z,45,10,distance-greedy,positive,2.3517577740934197,2.0063908298106745,2.721782873133722,1464,0.8763661202185792,65.29642244738888,0.12797609768771104,74961.2362000001,17241.084325999993,181,238
down_20261007_peligro_p_D02-24297c444c84,2026-10-09T12:00:00Z,45,60,0,reference,0,0,0,1464,0.8736338797814208,61.87452697419861,0.10259968725566851,76627.83600000007,17624.402279999988,185,0
down_20261007_peligro_p_D02-24297c444c84,2026-10-09T12:00:00Z,45,60,0.2,positive,0.554938373221565,0.4178815157876036,0.6958152860873547,1464,0.8736338797814208,62.77040135522545,0.10259968725566851,77050.7608,17721.674984000005,185,75
down_20261007_peligro_p_D02-24297c444c84,2026-10-09T12:00:00Z,45,60,0.35,positive,0.6184045230323494,0.470835734615958,0.7873452704516686,1464,0.8736338797814208,62.86464685952568,0.10259968725566851,77314.9541,17782.439443,185,79
down_20261007_peligro_p_D02-24297c444c84,2026-10-09T12:00:00Z,45,60,0.5,positive,0.673853004510674,0.5140687435899536,0.8506560553508371,1464,0.8736338797814208,62.93502475892625,0.10259968725566851,77436.47800000003,17810.38994,185,81
down_20261007_peligro_p_D02-24297c444c84,2026-10-09T12:00:00Z,45,60,1,positive,0.5949610781967284,0.23579204164855103,0.8887585785457736,1464,0.875,63.247668488160315,0.10243950039032008,77780.37060000005,17889.48523800001,183,90
down_20261007_peligro_p_D02-24297c444c84,2026-10-09T12:00:00Z,45,60,eta-greedy,inconclusive,-0.00022075169001099904,-0.0006622550700329971,0,1464,0.8736338797814208,61.874227260880915,0.10259968725566851,76641.58290000007,17627.56406699999,185,1
down_20261007_peligro_p_D02-24297c444c84,2026-10-09T12:00:00Z,45,60,distance-greedy,positive,1.9601065755108924,1.4917522406933594,2.338936512279037,1464,0.8763661202185792,65.29642244738888,0.12797609768771104,74961.2362000001,17241.084325999993,181,238
down_20261007_peligro_p_D02-24297c444c84,2026-10-09T12:00:00Z,45,120,0,reference,0,0,0,1464,0.8736338797814208,61.87452697419861,0.10259968725566851,76627.83600000007,17624.402279999988,185,0
down_20261007_peligro_p_D02-24297c444c84,2026-10-09T12:00:00Z,45,120,0.2,positive,0.5549383732215651,0.42588306481805543,0.7119767561414665,1464,0.8736338797814208,62.77040135522545,0.10259968725566851,77050.7608,17721.674984000005,185,75
down_20261007_peligro_p_D02-24297c444c84,2026-10-09T12:00:00Z,45,120,0.35,positive,0.6184045230323495,0.4638102229608454,0.765322500746239,1464,0.8736338797814208,62.86464685952568,0.10259968725566851,77314.9541,17782.439443,185,79
down_20261007_peligro_p_D02-24297c444c84,2026-10-09T12:00:00Z,45,120,0.5,positive,0.6738530045106741,0.5181137905586325,0.8518529229133679,1464,0.8736338797814208,62.93502475892625,0.10259968725566851,77436.47800000003,17810.38994,185,81
down_20261007_peligro_p_D02-24297c444c84,2026-10-09T12:00:00Z,45,120,1,inconclusive,0.25595443134345497,-0.6546438269737261,0.8602848885852512,1464,0.875,63.247668488160315,0.10243950039032008,77780.37060000005,17889.48523800001,183,90
down_20261007_peligro_p_D02-24297c444c84,2026-10-09T12:00:00Z,45,120,eta-greedy,inconclusive,-0.00022075169001099904,-0.0006622550700329971,0,1464,0.8736338797814208,61.874227260880915,0.10259968725566851,76641.58290000007,17627.56406699999,185,1
down_20261007_peligro_p_D02-24297c444c84,2026-10-09T12:00:00Z,45,120,distance-greedy,positive,1.4901251372118596,0.6555706150492389,2.2467625143163064,1464,0.8763661202185792,65.29642244738888,0.12797609768771104,74961.2362000001,17241.084325999993,181,238
down_20261007_peligro_p_D02-24297c444c84,2026-10-09T12:00:00Z,90,10,0,reference,0,0,0,1464,0.8722677595628415,62.20541764552337,0.03350300182719914,76989.59130000003,17707.60599899999,187,0
down_20261007_peligro_p_D02-24297c444c84,2026-10-09T12:00:00Z,90,10,0.2,positive,0.5917465768799854,0.453908733326262,0.7383514910196287,1464,0.8722677595628415,63.16458626990345,0.03350300182719914,77313.47989999999,17782.100377000002,187,81
down_20261007_peligro_p_D02-24297c444c84,2026-10-09T12:00:00Z,90,10,0.35,positive,0.6671624279523958,0.507086606253803,0.8166377879219149,1464,0.8722677595628415,63.27008091882018,0.03350300182719914,77530.4111,17831.994553000004,187,86
down_20261007_peligro_p_D02-24297c444c84,2026-10-09T12:00:00Z,90,10,0.5,positive,0.7281776311445358,0.5695679711282177,0.9338463821819848,1464,0.8722677595628415,63.35286217697732,0.03350300182719914,77647.633,17858.95559,187,89
down_20261007_peligro_p_D02-24297c444c84,2026-10-09T12:00:00Z,90,10,1,positive,0.9217601408733288,0.6690314276924254,1.1811307142849992,1464,0.8736338797814208,63.65415037789944,0.03345061245764918,77921.86930000002,17922.029939000007,185,98
down_20261007_peligro_p_D02-24297c444c84,2026-10-09T12:00:00Z,90,10,eta-greedy,inconclusive,-0.00022075169001099904,-0.0006622550700329971,0,1464,0.8722677595628415,62.20511746280346,0.03350300182719914,77003.33820000003,17710.76778599999,187,1
down_20261007_peligro_p_D02-24297c444c84,2026-10-09T12:00:00Z,90,10,distance-greedy,positive,2.355692283402821,1.9843454287169275,2.7297784027113625,1464,0.8743169398907104,65.6525260416666,0.033424479166666646,75200.89030000007,17296.204768999996,184,245
down_20261007_peligro_p_D02-24297c444c84,2026-10-09T12:00:00Z,90,60,0,reference,0,0,0,1464,0.8722677595628415,62.20541764552337,0.03350300182719914,76989.59130000003,17707.60599899999,187,0
down_20261007_peligro_p_D02-24297c444c84,2026-10-09T12:00:00Z,90,60,0.2,positive,0.5917465768799854,0.4370792323552851,0.7310321530022952,1464,0.8722677595628415,63.16458626990345,0.03350300182719914,77313.47989999999,17782.100377000002,187,81
down_20261007_peligro_p_D02-24297c444c84,2026-10-09T12:00:00Z,90,60,0.35,positive,0.6671624279523958,0.512987415413472,0.8254575953136906,1464,0.8722677595628415,63.27008091882018,0.03350300182719914,77530.4111,17831.994553000004,187,86
down_20261007_peligro_p_D02-24297c444c84,2026-10-09T12:00:00Z,90,60,0.5,positive,0.7281776311445358,0.5703894067571476,0.9119465719670528,1464,0.8722677595628415,63.35286217697732,0.03350300182719914,77647.633,17858.95559,187,89
down_20261007_peligro_p_D02-24297c444c84,2026-10-09T12:00:00Z,90,60,1,positive,0.639254601828934,0.31921659269660124,0.9664701309036157,1464,0.8736338797814208,63.65415037789944,0.03345061245764918,77921.86930000002,17922.029939000007,185,98
down_20261007_peligro_p_D02-24297c444c84,2026-10-09T12:00:00Z,90,60,eta-greedy,inconclusive,-0.00022075169001099904,-0.0006622550700329971,0,1464,0.8722677595628415,62.20511746280346,0.03350300182719914,77003.33820000003,17710.76778599999,187,1
down_20261007_peligro_p_D02-24297c444c84,2026-10-09T12:00:00Z,90,60,distance-greedy,positive,2.040522648411792,1.5917833289100944,2.4191332382499526,1464,0.8743169398907104,65.6525260416666,0.033424479166666646,75200.89030000007,17296.204768999996,184,245
down_20261007_peligro_p_D02-24297c444c84,2026-10-09T12:00:00Z,90,120,0,reference,0,0,0,1464,0.8722677595628415,62.20541764552337,0.03350300182719914,76989.59130000003,17707.60599899999,187,0
down_20261007_peligro_p_D02-24297c444c84,2026-10-09T12:00:00Z,90,120,0.2,positive,0.5917465768799856,0.45948713266252783,0.7366168338573293,1464,0.8722677595628415,63.16458626990345,0.03350300182719914,77313.47989999999,17782.100377000002,187,81
down_20261007_peligro_p_D02-24297c444c84,2026-10-09T12:00:00Z,90,120,0.35,positive,0.6671624279523958,0.5181165230582992,0.8313342144541217,1464,0.8722677595628415,63.27008091882018,0.03350300182719914,77530.4111,17831.994553000004,187,86
down_20261007_peligro_p_D02-24297c444c84,2026-10-09T12:00:00Z,90,120,0.5,positive,0.7281776311445358,0.5610534537890642,0.918815186278176,1464,0.8722677595628415,63.35286217697732,0.03350300182719914,77647.633,17858.95559,187,89
down_20261007_peligro_p_D02-24297c444c84,2026-10-09T12:00:00Z,90,120,1,inconclusive,0.3002479549756605,-0.5548628677189945,0.9519952914423804,1464,0.8736338797814208,63.65415037789944,0.03345061245764918,77921.86930000002,17922.029939000007,185,98
down_20261007_peligro_p_D02-24297c444c84,2026-10-09T12:00:00Z,90,120,eta-greedy,inconclusive,-0.00022075169001099904,-0.0008830067600439961,0,1464,0.8722677595628415,62.20511746280346,0.03350300182719914,77003.33820000003,17710.76778599999,187,1
down_20261007_peligro_p_D02-24297c444c84,2026-10-09T12:00:00Z,90,120,distance-greedy,positive,1.6623190864225565,0.7789745279525448,2.384229736787436,1464,0.8743169398907104,65.6525260416666,0.033424479166666646,75200.89030000007,17296.204768999996,184,245
down_20261007_peligro_p_D02-24297c444c84,2026-10-09T12:00:00Z,180,10,0,reference,0,0,0,1464,0.8688524590163934,62.82541797693921,0.07196147798742109,77143.44810000002,17742.993062999987,192,0
down_20261007_peligro_p_D02-24297c444c84,2026-10-09T12:00:00Z,180,10,0.2,positive,0.6943644088458103,0.5009554323457416,0.8822267651430006,1464,0.8688524590163934,63.93331367924532,0.0628760482180291,77238.1436,17764.773028000007,192,101
down_20261007_peligro_p_D02-24297c444c84,2026-10-09T12:00:00Z,180,10,0.35,positive,0.8059995333292612,0.6083864103946022,1.0164175003915012,1464,0.8688524590163934,64.0874240041929,0.0628760482180291,77449.23389999999,17813.323797,192,107
down_20261007_peligro_p_D02-24297c444c84,2026-10-09T12:00:00Z,180,10,0.5,positive,0.8637620943207377,0.6563505020685729,1.096956522787935,1464,0.8688524590163934,64.16090277777778,0.0628760482180291,77617.57990000001,17852.043377,192,108
down_20261007_peligro_p_D02-24297c444c84,2026-10-09T12:00:00Z,180,10,1,positive,1.0597923235849473,0.814913498429679,1.315076305250039,1464,0.8702185792349727,64.45527341705916,0.06277734170591288,77905.08810000002,17918.170263000007,190,117
down_20261007_peligro_p_D02-24297c444c84,2026-10-09T12:00:00Z,180,10,eta-greedy,inconclusive,-0.00022075169001099904,-0.0006622550700329971,0,1464,0.8688524590163934,62.82511661425577,0.07196147798742109,77157.19500000002,17746.154849999988,192,1
down_20261007_peligro_p_D02-24297c444c84,2026-10-09T12:00:00Z,180,10,distance-greedy,positive,2.3890216551826984,2.022226851869932,2.7730384432265867,1464,0.8715846994535519,66.31262669801455,0.06267894461859953,75453.98830000006,17354.417308999997,188,253
down_20261007_peligro_p_D02-24297c444c84,2026-10-09T12:00:00Z,180,60,0,reference,0,0,0,1464,0.8688524590163934,62.82541797693921,0.07196147798742109,77143.44810000002,17742.993062999987,192,0
down_20261007_peligro_p_D02-24297c444c84,2026-10-09T12:00:00Z,180,60,0.2,positive,0.5546743798998099,0.21599178177850625,0.8107418131045012,1464,0.8688524590163934,63.93331367924532,0.0628760482180291,77238.1436,17764.773028000007,192,101
down_20261007_peligro_p_D02-24297c444c84,2026-10-09T12:00:00Z,180,60,0.35,positive,0.6663095043832611,0.3260184193194904,0.9631621585583963,1464,0.8688524590163934,64.0874240041929,0.0628760482180291,77449.23389999999,17813.323797,192,107
down_20261007_peligro_p_D02-24297c444c84,2026-10-09T12:00:00Z,180,60,0.5,positive,0.7240720653747373,0.40080587353384783,1.0101142833989305,1464,0.8688524590163934,64.16090277777778,0.0628760482180291,77617.57990000001,17852.043377,192,108
down_20261007_peligro_p_D02-24297c444c84,2026-10-09T12:00:00Z,180,60,1,positive,0.6375967555945525,0.2034563914620974,1.0483526691096947,1464,0.8702185792349727,64.45527341705916,0.06277734170591288,77905.08810000002,17918.170263000007,190,117
down_20261007_peligro_p_D02-24297c444c84,2026-10-09T12:00:00Z,180,60,eta-greedy,inconclusive,-0.00022075169001099904,-0.0006622550700329971,0,1464,0.8688524590163934,62.82511661425577,0.07196147798742109,77157.19500000002,17746.154849999988,192,1
down_20261007_peligro_p_D02-24297c444c84,2026-10-09T12:00:00Z,180,60,distance-greedy,positive,1.9017084162510605,1.4168743854541237,2.3105494317946396,1464,0.8715846994535519,66.31262669801455,0.06267894461859953,75453.98830000006,17354.417308999997,188,253
down_20261007_peligro_p_D02-24297c444c84,2026-10-09T12:00:00Z,180,120,0,reference,0,0,0,1464,0.8688524590163934,62.82541797693921,0.07196147798742109,77143.44810000002,17742.993062999987,192,0
down_20261007_peligro_p_D02-24297c444c84,2026-10-09T12:00:00Z,180,120,0.2,inconclusive,0.38704634516461023,-0.4166493890187994,0.9046964579562509,1464,0.8688524590163934,63.93331367924532,0.0628760482180291,77238.1436,17764.773028000007,192,101
down_20261007_peligro_p_D02-24297c444c84,2026-10-09T12:00:00Z,180,120,0.35,inconclusive,0.4986814696480613,-0.2852290801023635,1.0250675471147084,1464,0.8688524590163934,64.0874240041929,0.0628760482180291,77449.23389999999,17813.323797,192,107
down_20261007_peligro_p_D02-24297c444c84,2026-10-09T12:00:00Z,180,120,0.5,inconclusive,0.5564440306395377,-0.19237642865870358,1.0731736187446932,1464,0.8688524590163934,64.16090277777778,0.0628760482180291,77617.57990000001,17852.043377,192,108
down_20261007_peligro_p_D02-24297c444c84,2026-10-09T12:00:00Z,180,120,1,inconclusive,0.1309620740060797,-1.0304793817425346,0.9998275130322133,1464,0.8702185792349727,64.45527341705916,0.06277734170591288,77905.08810000002,17918.170263000007,190,117
down_20261007_peligro_p_D02-24297c444c84,2026-10-09T12:00:00Z,180,120,eta-greedy,inconclusive,-0.00022075169001099904,-0.0006622550700329971,0,1464,0.8688524590163934,62.82511661425577,0.07196147798742109,77157.19500000002,17746.154849999988,192,1
down_20261007_peligro_p_D02-24297c444c84,2026-10-09T12:00:00Z,180,120,distance-greedy,positive,1.3169325295330947,0.03766792319863119,2.1669440576645305,1464,0.8715846994535519,66.31262669801455,0.06267894461859953,75453.98830000006,17354.417308999997,188,253
down_20261007_peligro_p_D01-3acf9899447e,2026-10-08T12:00:00Z,45,10,0,reference,0,0,0,1464,0.8736338797814208,61.87452697419861,0.10259968725566851,76627.83600000007,17624.402279999988,185,0
down_20261007_peligro_p_D01-3acf9899447e,2026-10-08T12:00:00Z,45,10,0.2,positive,0.45758929188474795,0.32669405235656357,0.5752633917881197,1464,0.8736338797814208,62.61535444357572,0.10259968725566851,76809.01510000002,17666.073473,185,69
down_20261007_peligro_p_D01-3acf9899447e,2026-10-08T12:00:00Z,45,10,0.35,positive,0.5905617658081183,0.45018983382466243,0.7380210137169102,1464,0.8736338797814208,62.81896533750328,0.10259968725566851,77096.3708,17732.165284000002,185,79
down_20261007_peligro_p_D01-3acf9899447e,2026-10-08T12:00:00Z,45,10,0.5,positive,0.6730078512050067,0.505137102891398,0.845056739792282,1464,0.8743169398907104,62.913054687500015,0.12827604166666662,77198.81219999999,17755.726806,184,83
down_20261007_peligro_p_D01-3acf9899447e,2026-10-08T12:00:00Z,45,10,1,positive,1.2371754302850198,0.9805965328850573,1.5205794423557002,1464,0.8756830601092896,63.976378055122176,0.10235959438377537,77067.98810000003,17725.63726300001,182,134
down_20261007_peligro_p_D01-3acf9899447e,2026-10-08T12:00:00Z,45,10,eta-greedy,inconclusive,-0.00022075169001099904,-0.0006622550700329971,0,1464,0.8736338797814208,61.874227260880915,0.10259968725566851,76641.58290000007,17627.56406699999,185,1
down_20261007_peligro_p_D01-3acf9899447e,2026-10-08T12:00:00Z,45,10,distance-greedy,positive,2.3517577740934197,2.021294290028612,2.7135222173485025,1464,0.8763661202185792,65.29642244738888,0.12797609768771104,74961.2362000001,17241.084325999993,181,238
down_20261007_peligro_p_D01-3acf9899447e,2026-10-08T12:00:00Z,45,60,0,reference,0,0,0,1464,0.8736338797814208,61.87452697419861,0.10259968725566851,76627.83600000007,17624.402279999988,185,0
down_20261007_peligro_p_D01-3acf9899447e,2026-10-08T12:00:00Z,45,60,0.2,positive,0.45758929188474795,0.31294369520427606,0.575455083212217,1464,0.8736338797814208,62.61535444357572,0.10259968725566851,76809.01510000002,17666.073473,185,69
down_20261007_peligro_p_D01-3acf9899447e,2026-10-08T12:00:00Z,45,60,0.35,positive,0.5905617658081183,0.4533238582263037,0.7335916139927988,1464,0.8736338797814208,62.81896533750328,0.10259968725566851,77096.3708,17732.165284000002,185,79
down_20261007_peligro_p_D01-3acf9899447e,2026-10-08T12:00:00Z,45,60,0.5,positive,0.5965262876135091,0.3846143598673039,0.8081262812360801,1464,0.8743169398907104,62.913054687500015,0.12827604166666662,77198.81219999999,17755.726806,184,83
down_20261007_peligro_p_D01-3acf9899447e,2026-10-08T12:00:00Z,45,60,1,positive,0.8281425431486742,0.4503160987826928,1.1440484984963826,1464,0.8756830601092896,63.976378055122176,0.10235959438377537,77067.98810000003,17725.63726300001,182,134
down_20261007_peligro_p_D01-3acf9899447e,2026-10-08T12:00:00Z,45,60,eta-greedy,inconclusive,-0.00022075169001099904,-0.0007781497072887713,0,1464,0.8736338797814208,61.874227260880915,0.10259968725566851,76641.58290000007,17627.56406699999,185,1
down_20261007_peligro_p_D01-3acf9899447e,2026-10-08T12:00:00Z,45,60,distance-greedy,positive,1.9601065755108924,1.5257424360272238,2.396252647484453,1464,0.8763661202185792,65.29642244738888,0.12797609768771104,74961.2362000001,17241.084325999993,181,238
down_20261007_peligro_p_D01-3acf9899447e,2026-10-08T12:00:00Z,45,120,0,reference,0,0,0,1464,0.8736338797814208,61.87452697419861,0.10259968725566851,76627.83600000007,17624.402279999988,185,0
down_20261007_peligro_p_D01-3acf9899447e,2026-10-08T12:00:00Z,45,120,0.2,positive,0.45758929188474795,0.33435977681458107,0.5807934922982205,1464,0.8736338797814208,62.61535444357572,0.10259968725566851,76809.01510000002,17666.073473,185,69
down_20261007_peligro_p_D01-3acf9899447e,2026-10-08T12:00:00Z,45,120,0.35,positive,0.5905617658081184,0.45672540083368485,0.7736753946251627,1464,0.8736338797814208,62.81896533750328,0.10259968725566851,77096.3708,17732.165284000002,185,79
down_20261007_peligro_p_D01-3acf9899447e,2026-10-08T12:00:00Z,45,120,0.5,positive,0.5047484113037118,0.1357648108962943,0.7854112007606124,1464,0.8743169398907104,62.913054687500015,0.12827604166666662,77198.81219999999,17755.726806,184,83
down_20261007_peligro_p_D01-3acf9899447e,2026-10-08T12:00:00Z,45,120,1,inconclusive,0.3373030785850602,-0.702802494347936,1.0656553360871357,1464,0.8756830601092896,63.976378055122176,0.10235959438377537,77067.98810000003,17725.63726300001,182,134
down_20261007_peligro_p_D01-3acf9899447e,2026-10-08T12:00:00Z,45,120,eta-greedy,inconclusive,-0.00022075169001099904,-0.0006622550700329971,0,1464,0.8736338797814208,61.874227260880915,0.10259968725566851,76641.58290000007,17627.56406699999,185,1
down_20261007_peligro_p_D01-3acf9899447e,2026-10-08T12:00:00Z,45,120,distance-greedy,positive,1.4901251372118596,0.5818464717236173,2.125165695933505,1464,0.8763661202185792,65.29642244738888,0.12797609768771104,74961.2362000001,17241.084325999993,181,238
down_20261007_peligro_p_D01-3acf9899447e,2026-10-08T12:00:00Z,90,10,0,reference,0,0,0,1464,0.8722677595628415,62.20541764552337,0.03350300182719914,76989.59130000003,17707.60599899999,187,0
down_20261007_peligro_p_D01-3acf9899447e,2026-10-08T12:00:00Z,90,10,0.2,positive,0.5022216589614917,0.38044319279509187,0.6409897083845121,1464,0.8722677595628415,63.0134181675803,0.03350300182719914,77072.55619999999,17726.687926000002,187,76
down_20261007_peligro_p_D01-3acf9899447e,2026-10-08T12:00:00Z,90,10,0.35,positive,0.6422282669859639,0.500716548678143,0.7998732495407869,1464,0.8722677595628415,63.230301487862214,0.03350300182719914,77322.37229999997,17784.145629,187,86
down_20261007_peligro_p_D01-3acf9899447e,2026-10-08T12:00:00Z,90,10,0.5,positive,0.6870550524400912,0.5154697821528702,0.8671450248145814,1464,0.8722677595628415,63.28730357608982,0.03350300182719914,77363.68299999998,17793.64709,187,90
down_20261007_peligro_p_D01-3acf9899447e,2026-10-08T12:00:00Z,90,10,1,positive,1.2911187519837437,1.0379111588857846,1.6116255223704632,1464,0.8743169398907104,64.3941184895833,0.033424479166666646,77317.37380000003,17782.995974000012,184,142
down_20261007_peligro_p_D01-3acf9899447e,2026-10-08T12:00:00Z,90,10,eta-greedy,inconclusive,-0.00022075169001099904,-0.0006622550700329971,0,1464,0.8722677595628415,62.20511746280346,0.03350300182719914,77003.33820000003,17710.76778599999,187,1
down_20261007_peligro_p_D01-3acf9899447e,2026-10-08T12:00:00Z,90,10,distance-greedy,positive,2.355692283402821,1.9662530096973556,2.7136820105553627,1464,0.8743169398907104,65.6525260416666,0.033424479166666646,75200.89030000007,17296.204768999996,184,245
down_20261007_peligro_p_D01-3acf9899447e,2026-10-08T12:00:00Z,90,60,0,reference,0,0,0,1464,0.8722677595628415,62.20541764552337,0.03350300182719914,76989.59130000003,17707.60599899999,187,0
down_20261007_peligro_p_D01-3acf9899447e,2026-10-08T12:00:00Z,90,60,0.2,positive,0.5022216589614917,0.3821921481081684,0.641025744876843,1464,0.8722677595628415,63.0134181675803,0.03350300182719914,77072.55619999999,17726.687926000002,187,76
down_20261007_peligro_p_D01-3acf9899447e,2026-10-08T12:00:00Z,90,60,0.35,positive,0.6422282669859639,0.5051812292555284,0.8126428986676777,1464,0.8722677595628415,63.230301487862214,0.03350300182719914,77322.37229999997,17784.145629,187,86
down_20261007_peligro_p_D01-3acf9899447e,2026-10-08T12:00:00Z,90,60,0.5,positive,0.6870550524400912,0.5326054713080108,0.8484109952919491,1464,0.8722677595628415,63.28730357608982,0.03350300182719914,77363.68299999998,17793.64709,187,90
down_20261007_peligro_p_D01-3acf9899447e,2026-10-08T12:00:00Z,90,60,1,positive,0.8820858648473979,0.5000093883762148,1.1866879370182628,1464,0.8743169398907104,64.3941184895833,0.033424479166666646,77317.37380000003,17782.995974000012,184,142
down_20261007_peligro_p_D01-3acf9899447e,2026-10-08T12:00:00Z,90,60,eta-greedy,inconclusive,-0.00022075169001099904,-0.0006622550700329971,0,1464,0.8722677595628415,62.20511746280346,0.03350300182719914,77003.33820000003,17710.76778599999,187,1
down_20261007_peligro_p_D01-3acf9899447e,2026-10-08T12:00:00Z,90,60,distance-greedy,positive,2.040522648411792,1.5815872194665566,2.4528058728302,1464,0.8743169398907104,65.6525260416666,0.033424479166666646,75200.89030000007,17296.204768999996,184,245
down_20261007_peligro_p_D01-3acf9899447e,2026-10-08T12:00:00Z,90,120,0,reference,0,0,0,1464,0.8722677595628415,62.20541764552337,0.03350300182719914,76989.59130000003,17707.60599899999,187,0
down_20261007_peligro_p_D01-3acf9899447e,2026-10-08T12:00:00Z,90,120,0.2,positive,0.5022216589614917,0.38797651335183975,0.6295741027675318,1464,0.8722677595628415,63.0134181675803,0.03350300182719914,77072.55619999999,17726.687926000002,187,76
down_20261007_peligro_p_D01-3acf9899447e,2026-10-08T12:00:00Z,90,120,0.35,positive,0.642228266985964,0.5044658807093276,0.8028586612049636,1464,0.8722677595628415,63.230301487862214,0.03350300182719914,77322.37229999997,17784.145629,187,86
down_20261007_peligro_p_D01-3acf9899447e,2026-10-08T12:00:00Z,90,120,0.5,positive,0.6870550524400914,0.5209700164883978,0.8912748640673993,1464,0.8722677595628415,63.28730357608982,0.03350300182719914,77363.68299999998,17793.64709,187,90
down_20261007_peligro_p_D01-3acf9899447e,2026-10-08T12:00:00Z,90,120,1,inconclusive,0.3912464002837839,-0.6004069410668312,1.078709538966176,1464,0.8743169398907104,64.3941184895833,0.033424479166666646,77317.37380000003,17782.995974000012,184,142
down_20261007_peligro_p_D01-3acf9899447e,2026-10-08T12:00:00Z,90,120,eta-greedy,inconclusive,-0.00022075169001099904,-0.0006622550700329971,0,1464,0.8722677595628415,62.20511746280346,0.03350300182719914,77003.33820000003,17710.76778599999,187,1
down_20261007_peligro_p_D01-3acf9899447e,2026-10-08T12:00:00Z,90,120,distance-greedy,positive,1.6623190864225565,0.7318386821956232,2.426209866346386,1464,0.8743169398907104,65.6525260416666,0.033424479166666646,75200.89030000007,17296.204768999996,184,245
down_20261007_peligro_p_D01-3acf9899447e,2026-10-08T12:00:00Z,180,10,0,reference,0,0,0,1464,0.8688524590163934,62.82541797693921,0.07196147798742109,77143.44810000002,17742.993062999987,192,0
down_20261007_peligro_p_D01-3acf9899447e,2026-10-08T12:00:00Z,180,10,0.2,positive,0.5928137263974858,0.42102735336104874,0.7743131917791632,1464,0.8688524590163934,63.776223794549296,0.0628760482180291,76970.14049999998,17703.132315000003,192,94
down_20261007_peligro_p_D01-3acf9899447e,2026-10-08T12:00:00Z,180,10,0.35,positive,0.761981676043775,0.5722590695774087,0.9878332252699685,1464,0.8688524590163934,64.02931472746334,0.0628760482180291,77268.7313,17771.808199000003,192,106
down_20261007_peligro_p_D01-3acf9899447e,2026-10-08T12:00:00Z,180,10,0.5,positive,0.7967471191233249,0.5931867292134468,0.9979150908655063,1464,0.8688524590163934,64.07300314465411,0.0628760482180291,77299.59489999998,17778.906827000003,192,110
down_20261007_peligro_p_D01-3acf9899447e,2026-10-08T12:00:00Z,180,10,1,positive,1.4017647512256985,1.1205056959120394,1.6954391164468237,1464,0.8709016393442623,65.15287973856208,0.06272810457516315,77319.52680000002,17783.49116400001,189,160
down_20261007_peligro_p_D01-3acf9899447e,2026-10-08T12:00:00Z,180,10,eta-greedy,inconclusive,-0.00022075169001099904,-0.0006622550700329971,0,1464,0.8688524590163934,62.82511661425577,0.07196147798742109,77157.19500000002,17746.154849999988,192,1
down_20261007_peligro_p_D01-3acf9899447e,2026-10-08T12:00:00Z,180,10,distance-greedy,positive,2.3890216551826984,1.9969816157612734,2.7748347453408844,1464,0.8715846994535519,66.31262669801455,0.06267894461859953,75453.98830000006,17354.417308999997,188,253
down_20261007_peligro_p_D01-3acf9899447e,2026-10-08T12:00:00Z,180,60,0,reference,0,0,0,1464,0.8688524590163934,62.82541797693921,0.07196147798742109,77143.44810000002,17742.993062999987,192,0
down_20261007_peligro_p_D01-3acf9899447e,2026-10-08T12:00:00Z,180,60,0.2,positive,0.4531236974514854,0.1304127617278631,0.7052429940925767,1464,0.8688524590163934,63.776223794549296,0.0628760482180291,76970.14049999998,17703.132315000003,192,94
down_20261007_peligro_p_D01-3acf9899447e,2026-10-08T12:00:00Z,180,60,0.35,positive,0.6222916470977747,0.2924095294443858,0.8813151456505299,1464,0.8688524590163934,64.02931472746334,0.0628760482180291,77268.7313,17771.808199000003,192,106
down_20261007_peligro_p_D01-3acf9899447e,2026-10-08T12:00:00Z,180,60,0.5,positive,0.6570570901773245,0.3220387605147366,0.9111725578690023,1464,0.8688524590163934,64.07300314465411,0.0628760482180291,77299.59489999998,17778.906827000003,192,110
down_20261007_peligro_p_D01-3acf9899447e,2026-10-08T12:00:00Z,180,60,1,positive,0.8530418351433527,0.36195247413824516,1.243299452172718,1464,0.8709016393442623,65.15287973856208,0.06272810457516315,77319.52680000002,17783.49116400001,189,160
down_20261007_peligro_p_D01-3acf9899447e,2026-10-08T12:00:00Z,180,60,eta-greedy,inconclusive,-0.00022075169001099904,-0.0006622550700329971,0,1464,0.8688524590163934,62.82511661425577,0.07196147798742109,77157.19500000002,17746.154849999988,192,1
down_20261007_peligro_p_D01-3acf9899447e,2026-10-08T12:00:00Z,180,60,distance-greedy,positive,1.9017084162510605,1.3928670902158462,2.3389528203723042,1464,0.8715846994535519,66.31262669801455,0.06267894461859953,75453.98830000006,17354.417308999997,188,253
down_20261007_peligro_p_D01-3acf9899447e,2026-10-08T12:00:00Z,180,120,0,reference,0,0,0,1464,0.8688524590163934,62.82541797693921,0.07196147798742109,77143.44810000002,17742.993062999987,192,0
down_20261007_peligro_p_D01-3acf9899447e,2026-10-08T12:00:00Z,180,120,0.2,inconclusive,0.28549566271628546,-0.4704357832019778,0.7164958536989376,1464,0.8688524590163934,63.776223794549296,0.0628760482180291,76970.14049999998,17703.132315000003,192,94
down_20261007_peligro_p_D01-3acf9899447e,2026-10-08T12:00:00Z,180,120,0.35,inconclusive,0.4546636123625748,-0.2844466780028134,0.9418350206082785,1464,0.8688524590163934,64.02931472746334,0.0628760482180291,77268.7313,17771.808199000003,192,106
down_20261007_peligro_p_D01-3acf9899447e,2026-10-08T12:00:00Z,180,120,0.5,inconclusive,0.4894290554421247,-0.3149896956256269,0.9929344058090446,1464,0.8688524590163934,64.07300314465411,0.0628760482180291,77299.59489999998,17778.906827000003,192,110
down_20261007_peligro_p_D01-3acf9899447e,2026-10-08T12:00:00Z,180,120,1,inconclusive,0.19457433584453912,-1.0720137817328423,1.053648156326784,1464,0.8709016393442623,65.15287973856208,0.06272810457516315,77319.52680000002,17783.49116400001,189,160
down_20261007_peligro_p_D01-3acf9899447e,2026-10-08T12:00:00Z,180,120,eta-greedy,inconclusive,-0.00022075169001099904,-0.0006622550700329971,0,1464,0.8688524590163934,62.82511661425577,0.07196147798742109,77157.19500000002,17746.154849999988,192,1
down_20261007_peligro_p_D01-3acf9899447e,2026-10-08T12:00:00Z,180,120,distance-greedy,positive,1.3169325295330947,0.24697087236381066,2.1523589586434437,1464,0.8715846994535519,66.31262669801455,0.06267894461859953,75453.98830000006,17354.417308999997,188,253
down_20261007_peligro_p_D04-7ab3652678c2,2026-10-11T12:00:00Z,45,10,0,reference,0,0,0,1464,0.8736338797814208,61.87452697419861,0.10259968725566851,76627.83600000007,17624.402279999988,185,0
down_20261007_peligro_p_D04-7ab3652678c2,2026-10-11T12:00:00Z,45,10,0.2,positive,0.45758929188474795,0.3333365106480075,0.5890925940118444,1464,0.8736338797814208,62.61535444357572,0.10259968725566851,76809.01510000002,17666.073473,185,69
down_20261007_peligro_p_D04-7ab3652678c2,2026-10-11T12:00:00Z,45,10,0.35,positive,0.5905617658081183,0.4618496502140122,0.7362679553252518,1464,0.8736338797814208,62.81896533750328,0.10259968725566851,77096.3708,17732.165284000002,185,79
down_20261007_peligro_p_D04-7ab3652678c2,2026-10-11T12:00:00Z,45,10,0.5,positive,0.6730078512050067,0.49975565993372323,0.85511146663263,1464,0.8743169398907104,62.913054687500015,0.12827604166666662,77198.81219999999,17755.726806,184,83
down_20261007_peligro_p_D04-7ab3652678c2,2026-10-11T12:00:00Z,45,10,1,positive,1.2371754302850198,0.9928357846898943,1.5067565187779088,1464,0.8756830601092896,63.976378055122176,0.10235959438377537,77067.98810000003,17725.63726300001,182,134
down_20261007_peligro_p_D04-7ab3652678c2,2026-10-11T12:00:00Z,45,10,eta-greedy,inconclusive,-0.00022075169001099904,-0.0006622550700329971,0,1464,0.8736338797814208,61.874227260880915,0.10259968725566851,76641.58290000007,17627.56406699999,185,1
down_20261007_peligro_p_D04-7ab3652678c2,2026-10-11T12:00:00Z,45,10,distance-greedy,positive,2.3517577740934197,2.017295195215765,2.753903132139556,1464,0.8763661202185792,65.29642244738888,0.12797609768771104,74961.2362000001,17241.084325999993,181,238
down_20261007_peligro_p_D04-7ab3652678c2,2026-10-11T12:00:00Z,45,60,0,reference,0,0,0,1464,0.8736338797814208,61.87452697419861,0.10259968725566851,76627.83600000007,17624.402279999988,185,0
down_20261007_peligro_p_D04-7ab3652678c2,2026-10-11T12:00:00Z,45,60,0.2,positive,0.45758929188474795,0.3293022314214262,0.5852756860629289,1464,0.8736338797814208,62.61535444357572,0.10259968725566851,76809.01510000002,17666.073473,185,69
down_20261007_peligro_p_D04-7ab3652678c2,2026-10-11T12:00:00Z,45,60,0.35,positive,0.5905617658081183,0.45627379222991205,0.7477315477604751,1464,0.8736338797814208,62.81896533750328,0.10259968725566851,77096.3708,17732.165284000002,185,79
down_20261007_peligro_p_D04-7ab3652678c2,2026-10-11T12:00:00Z,45,60,0.5,positive,0.5965262876135091,0.40511768596022585,0.7839253737101444,1464,0.8743169398907104,62.913054687500015,0.12827604166666662,77198.81219999999,17755.726806,184,83
down_20261007_peligro_p_D04-7ab3652678c2,2026-10-11T12:00:00Z,45,60,1,positive,0.8281425431486742,0.4836808400727465,1.1767533153471252,1464,0.8756830601092896,63.976378055122176,0.10235959438377537,77067.98810000003,17725.63726300001,182,134
down_20261007_peligro_p_D04-7ab3652678c2,2026-10-11T12:00:00Z,45,60,eta-greedy,inconclusive,-0.00022075169001099904,-0.0006622550700329971,0,1464,0.8736338797814208,61.874227260880915,0.10259968725566851,76641.58290000007,17627.56406699999,185,1
down_20261007_peligro_p_D04-7ab3652678c2,2026-10-11T12:00:00Z,45,60,distance-greedy,positive,1.9601065755108924,1.5065401815611874,2.3817181710064728,1464,0.8763661202185792,65.29642244738888,0.12797609768771104,74961.2362000001,17241.084325999993,181,238
down_20261007_peligro_p_D04-7ab3652678c2,2026-10-11T12:00:00Z,45,120,0,reference,0,0,0,1464,0.8736338797814208,61.87452697419861,0.10259968725566851,76627.83600000007,17624.402279999988,185,0
down_20261007_peligro_p_D04-7ab3652678c2,2026-10-11T12:00:00Z,45,120,0.2,positive,0.45758929188474795,0.33623191523570684,0.5916064284724026,1464,0.8736338797814208,62.61535444357572,0.10259968725566851,76809.01510000002,17666.073473,185,69
down_20261007_peligro_p_D04-7ab3652678c2,2026-10-11T12:00:00Z,45,120,0.35,positive,0.5905617658081184,0.4518919049031952,0.735940310263716,1464,0.8736338797814208,62.81896533750328,0.10259968725566851,77096.3708,17732.165284000002,185,79
down_20261007_peligro_p_D04-7ab3652678c2,2026-10-11T12:00:00Z,45,120,0.5,positive,0.5047484113037118,0.1633953736299116,0.7580664092837307,1464,0.8743169398907104,62.913054687500015,0.12827604166666662,77198.81219999999,17755.726806,184,83
down_20261007_peligro_p_D04-7ab3652678c2,2026-10-11T12:00:00Z,45,120,1,inconclusive,0.3373030785850602,-0.624846360577639,1.125743378389167,1464,0.8756830601092896,63.976378055122176,0.10235959438377537,77067.98810000003,17725.63726300001,182,134
down_20261007_peligro_p_D04-7ab3652678c2,2026-10-11T12:00:00Z,45,120,eta-greedy,inconclusive,-0.00022075169001099904,-0.0007781497072887713,0,1464,0.8736338797814208,61.874227260880915,0.10259968725566851,76641.58290000007,17627.56406699999,185,1
down_20261007_peligro_p_D04-7ab3652678c2,2026-10-11T12:00:00Z,45,120,distance-greedy,positive,1.4901251372118596,0.47129516809503536,2.230223407878979,1464,0.8763661202185792,65.29642244738888,0.12797609768771104,74961.2362000001,17241.084325999993,181,238
down_20261007_peligro_p_D04-7ab3652678c2,2026-10-11T12:00:00Z,90,10,0,reference,0,0,0,1464,0.8722677595628415,62.20541764552337,0.03350300182719914,76989.59130000003,17707.60599899999,187,0
down_20261007_peligro_p_D04-7ab3652678c2,2026-10-11T12:00:00Z,90,10,0.2,positive,0.5022216589614917,0.3864380001452052,0.620750272141551,1464,0.8722677595628415,63.0134181675803,0.03350300182719914,77072.55619999999,17726.687926000002,187,76
down_20261007_peligro_p_D04-7ab3652678c2,2026-10-11T12:00:00Z,90,10,0.35,positive,0.6422282669859639,0.5053384283346821,0.7955734582242584,1464,0.8722677595628415,63.230301487862214,0.03350300182719914,77322.37229999997,17784.145629,187,86
down_20261007_peligro_p_D04-7ab3652678c2,2026-10-11T12:00:00Z,90,10,0.5,positive,0.6870550524400912,0.5299218666952532,0.8696126198478924,1464,0.8722677595628415,63.28730357608982,0.03350300182719914,77363.68299999998,17793.64709,187,90
down_20261007_peligro_p_D04-7ab3652678c2,2026-10-11T12:00:00Z,90,10,1,positive,1.2911187519837437,1.030463747849967,1.5780936961408893,1464,0.8743169398907104,64.3941184895833,0.033424479166666646,77317.37380000003,17782.995974000012,184,142
down_20261007_peligro_p_D04-7ab3652678c2,2026-10-11T12:00:00Z,90,10,eta-greedy,inconclusive,-0.00022075169001099904,-0.0006622550700329971,0,1464,0.8722677595628415,62.20511746280346,0.03350300182719914,77003.33820000003,17710.76778599999,187,1
down_20261007_peligro_p_D04-7ab3652678c2,2026-10-11T12:00:00Z,90,10,distance-greedy,positive,2.355692283402821,1.9923027243091238,2.715292438991923,1464,0.8743169398907104,65.6525260416666,0.033424479166666646,75200.89030000007,17296.204768999996,184,245
down_20261007_peligro_p_D04-7ab3652678c2,2026-10-11T12:00:00Z,90,60,0,reference,0,0,0,1464,0.8722677595628415,62.20541764552337,0.03350300182719914,76989.59130000003,17707.60599899999,187,0
down_20261007_peligro_p_D04-7ab3652678c2,2026-10-11T12:00:00Z,90,60,0.2,positive,0.5022216589614917,0.37654231863577886,0.6389816294510652,1464,0.8722677595628415,63.0134181675803,0.03350300182719914,77072.55619999999,17726.687926000002,187,76
down_20261007_peligro_p_D04-7ab3652678c2,2026-10-11T12:00:00Z,90,60,0.35,positive,0.6422282669859639,0.48993815885999825,0.7856342044554084,1464,0.8722677595628415,63.230301487862214,0.03350300182719914,77322.37229999997,17784.145629,187,86
down_20261007_peligro_p_D04-7ab3652678c2,2026-10-11T12:00:00Z,90,60,0.5,positive,0.6870550524400912,0.5108180909735489,0.8877054442547464,1464,0.8722677595628415,63.28730357608982,0.03350300182719914,77363.68299999998,17793.64709,187,90
down_20261007_peligro_p_D04-7ab3652678c2,2026-10-11T12:00:00Z,90,60,1,positive,0.8820858648473979,0.5190339926260944,1.2315824439844694,1464,0.8743169398907104,64.3941184895833,0.033424479166666646,77317.37380000003,17782.995974000012,184,142
down_20261007_peligro_p_D04-7ab3652678c2,2026-10-11T12:00:00Z,90,60,eta-greedy,inconclusive,-0.00022075169001099904,-0.0006622550700329971,0,1464,0.8722677595628415,62.20511746280346,0.03350300182719914,77003.33820000003,17710.76778599999,187,1
down_20261007_peligro_p_D04-7ab3652678c2,2026-10-11T12:00:00Z,90,60,distance-greedy,positive,2.040522648411792,1.6164511144323488,2.424670311062541,1464,0.8743169398907104,65.6525260416666,0.033424479166666646,75200.89030000007,17296.204768999996,184,245
down_20261007_peligro_p_D04-7ab3652678c2,2026-10-11T12:00:00Z,90,120,0,reference,0,0,0,1464,0.8722677595628415,62.20541764552337,0.03350300182719914,76989.59130000003,17707.60599899999,187,0
down_20261007_peligro_p_D04-7ab3652678c2,2026-10-11T12:00:00Z,90,120,0.2,positive,0.5022216589614917,0.37929856782689886,0.6345612218530395,1464,0.8722677595628415,63.0134181675803,0.03350300182719914,77072.55619999999,17726.687926000002,187,76
down_20261007_peligro_p_D04-7ab3652678c2,2026-10-11T12:00:00Z,90,120,0.35,positive,0.642228266985964,0.4950396211866787,0.8070530813431357,1464,0.8722677595628415,63.230301487862214,0.03350300182719914,77322.37229999997,17784.145629,187,86
down_20261007_peligro_p_D04-7ab3652678c2,2026-10-11T12:00:00Z,90,120,0.5,positive,0.6870550524400914,0.5170239877367258,0.8666894040845623,1464,0.8722677595628415,63.28730357608982,0.03350300182719914,77363.68299999998,17793.64709,187,90
down_20261007_peligro_p_D04-7ab3652678c2,2026-10-11T12:00:00Z,90,120,1,inconclusive,0.3912464002837839,-0.6808217621130019,1.1860261577681863,1464,0.8743169398907104,64.3941184895833,0.033424479166666646,77317.37380000003,17782.995974000012,184,142
down_20261007_peligro_p_D04-7ab3652678c2,2026-10-11T12:00:00Z,90,120,eta-greedy,inconclusive,-0.00022075169001099904,-0.0006622550700329971,0,1464,0.8722677595628415,62.20511746280346,0.03350300182719914,77003.33820000003,17710.76778599999,187,1
down_20261007_peligro_p_D04-7ab3652678c2,2026-10-11T12:00:00Z,90,120,distance-greedy,positive,1.6623190864225565,0.7108593349729563,2.381778915842831,1464,0.8743169398907104,65.6525260416666,0.033424479166666646,75200.89030000007,17296.204768999996,184,245
down_20261007_peligro_p_D04-7ab3652678c2,2026-10-11T12:00:00Z,180,10,0,reference,0,0,0,1464,0.8688524590163934,62.82541797693921,0.07196147798742109,77143.44810000002,17742.993062999987,192,0
down_20261007_peligro_p_D04-7ab3652678c2,2026-10-11T12:00:00Z,180,10,0.2,positive,0.5928137263974858,0.4210377035950101,0.7755301220360082,1464,0.8688524590163934,63.776223794549296,0.0628760482180291,76970.14049999998,17703.132315000003,192,94
down_20261007_peligro_p_D04-7ab3652678c2,2026-10-11T12:00:00Z,180,10,0.35,positive,0.761981676043775,0.5490700421455939,0.9555055019179821,1464,0.8688524590163934,64.02931472746334,0.0628760482180291,77268.7313,17771.808199000003,192,106
down_20261007_peligro_p_D04-7ab3652678c2,2026-10-11T12:00:00Z,180,10,0.5,positive,0.7967471191233249,0.5827942062091268,1.0261943452350346,1464,0.8688524590163934,64.07300314465411,0.0628760482180291,77299.59489999998,17778.906827000003,192,110
down_20261007_peligro_p_D04-7ab3652678c2,2026-10-11T12:00:00Z,180,10,1,positive,1.4017647512256985,1.1162886278689859,1.7063275809628635,1464,0.8709016393442623,65.15287973856208,0.06272810457516315,77319.52680000002,17783.49116400001,189,160
down_20261007_peligro_p_D04-7ab3652678c2,2026-10-11T12:00:00Z,180,10,eta-greedy,inconclusive,-0.00022075169001099904,-0.0006622550700329971,0,1464,0.8688524590163934,62.82511661425577,0.07196147798742109,77157.19500000002,17746.154849999988,192,1
down_20261007_peligro_p_D04-7ab3652678c2,2026-10-11T12:00:00Z,180,10,distance-greedy,positive,2.3890216551826984,2.0536213334877513,2.7829898574284924,1464,0.8715846994535519,66.31262669801455,0.06267894461859953,75453.98830000006,17354.417308999997,188,253
down_20261007_peligro_p_D04-7ab3652678c2,2026-10-11T12:00:00Z,180,60,0,reference,0,0,0,1464,0.8688524590163934,62.82541797693921,0.07196147798742109,77143.44810000002,17742.993062999987,192,0
down_20261007_peligro_p_D04-7ab3652678c2,2026-10-11T12:00:00Z,180,60,0.2,positive,0.4531236974514854,0.1603156800924206,0.7032395803644342,1464,0.8688524590163934,63.776223794549296,0.0628760482180291,76970.14049999998,17703.132315000003,192,94
down_20261007_peligro_p_D04-7ab3652678c2,2026-10-11T12:00:00Z,180,60,0.35,positive,0.6222916470977747,0.2987084901270667,0.9189945921929737,1464,0.8688524590163934,64.02931472746334,0.0628760482180291,77268.7313,17771.808199000003,192,106
down_20261007_peligro_p_D04-7ab3652678c2,2026-10-11T12:00:00Z,180,60,0.5,positive,0.6570570901773245,0.3022676318859856,0.9376251633929078,1464,0.8688524590163934,64.07300314465411,0.0628760482180291,77299.59489999998,17778.906827000003,192,110
down_20261007_peligro_p_D04-7ab3652678c2,2026-10-11T12:00:00Z,180,60,1,positive,0.8530418351433527,0.39521560584132764,1.24958171680177,1464,0.8709016393442623,65.15287973856208,0.06272810457516315,77319.52680000002,17783.49116400001,189,160
down_20261007_peligro_p_D04-7ab3652678c2,2026-10-11T12:00:00Z,180,60,eta-greedy,inconclusive,-0.00022075169001099904,-0.0006622550700329971,0,1464,0.8688524590163934,62.82511661425577,0.07196147798742109,77157.19500000002,17746.154849999988,192,1
down_20261007_peligro_p_D04-7ab3652678c2,2026-10-11T12:00:00Z,180,60,distance-greedy,positive,1.9017084162510605,1.4151351027268144,2.3514448579143608,1464,0.8715846994535519,66.31262669801455,0.06267894461859953,75453.98830000006,17354.417308999997,188,253
down_20261007_peligro_p_D04-7ab3652678c2,2026-10-11T12:00:00Z,180,120,0,reference,0,0,0,1464,0.8688524590163934,62.82541797693921,0.07196147798742109,77143.44810000002,17742.993062999987,192,0
down_20261007_peligro_p_D04-7ab3652678c2,2026-10-11T12:00:00Z,180,120,0.2,inconclusive,0.28549566271628546,-0.5895969327949868,0.7303531251345011,1464,0.8688524590163934,63.776223794549296,0.0628760482180291,76970.14049999998,17703.132315000003,192,94
down_20261007_peligro_p_D04-7ab3652678c2,2026-10-11T12:00:00Z,180,120,0.35,inconclusive,0.4546636123625748,-0.4487343442991503,0.9260910125216344,1464,0.8688524590163934,64.02931472746334,0.0628760482180291,77268.7313,17771.808199000003,192,106
down_20261007_peligro_p_D04-7ab3652678c2,2026-10-11T12:00:00Z,180,120,0.5,inconclusive,0.4894290554421247,-0.3307213422215294,1.0264687916834416,1464,0.8688524590163934,64.07300314465411,0.0628760482180291,77299.59489999998,17778.906827000003,192,110
down_20261007_peligro_p_D04-7ab3652678c2,2026-10-11T12:00:00Z,180,120,1,inconclusive,0.19457433584453912,-1.0353893878052842,1.0918194798392706,1464,0.8709016393442623,65.15287973856208,0.06272810457516315,77319.52680000002,17783.49116400001,189,160
down_20261007_peligro_p_D04-7ab3652678c2,2026-10-11T12:00:00Z,180,120,eta-greedy,inconclusive,-0.00022075169001099904,-0.0008830067600439961,0,1464,0.8688524590163934,62.82511661425577,0.07196147798742109,77157.19500000002,17746.154849999988,192,1
down_20261007_peligro_p_D04-7ab3652678c2,2026-10-11T12:00:00Z,180,120,distance-greedy,positive,1.3169325295330947,0.18069115966772842,2.2523705641434075,1464,0.8715846994535519,66.31262669801455,0.06267894461859953,75453.98830000006,17354.417308999997,188,253
