snapshot,valid_utc,load,policy,events_mean,coverage_pct,unserved_mean,response_min,p95_response_min,wait_min,p95_wait_min,km,co2_kg,utilization_pct,all_busy_arrivals,totalHarm,deltaH,bootstrap_low,bootstrap_high
down_20261007_peligro_p_D02-24297c444c84,2026-10-09T12:00:00Z,low,0,11.963,97.1771661001911,0.406,53.462844711743415,86.40513929398448,1.880976530980972,5.510629488645494,190.0896312999999,43.72061519899997,35.91219015274133,1.192,2250.5161902558743,0,0,0
down_20261007_peligro_p_D02-24297c444c84,2026-10-09T12:00:00Z,low,0.2,11.963,97.29493666725733,0.392,53.51576259488975,86.5383665371373,1.9337907330291855,5.30684403484366,185.14117949999985,42.58247128499997,35.9855764147481,1.195,2244.820667329755,-5.6955229261225035,-16.60133730412367,4.731585542916746
down_20261007_peligro_p_D02-24297c444c84,2026-10-09T12:00:00Z,low,0.35,11.963,97.27740111528445,0.396,55.349391437821666,89.29851919933618,1.9945954338585843,5.543422714444149,190.4135036999999,43.795105850999946,36.34282772454993,1.21,2296.468102355962,45.95191210008308,28.9593031994124,61.77171213187903
down_20261007_peligro_p_D02-24297c444c84,2026-10-09T12:00:00Z,low,0.5,11.963,97.22405733488183,0.403,57.429608852721415,91.33650417010361,2.1042471278077186,6.0262352445566325,199.82052899999988,45.95872166999996,36.78480879594939,1.265,2385.606510881707,135.09032062583077,115.55857931620825,153.569297353899
down_20261007_peligro_p_D02-24297c444c84,2026-10-09T12:00:00Z,low,1,11.963,97.12484658647992,0.417,59.647494752426084,92.96560451842527,2.167264175252406,5.960319303486702,210.61898599999995,48.44236677999995,37.18998068435906,1.31,2476.9728869700425,226.45669671416587,207.70175870150305,243.60762656619792
down_20261007_peligro_p_D02-24297c444c84,2026-10-09T12:00:00Z,low,eta-greedy,11.963,97.1871661001911,0.405,53.45296132893688,86.41267074195635,1.8904819745713575,5.521387603284019,190.19257699999986,43.74429270999998,35.90971615582774,1.193,2250.2767256730103,-0.23946458286407915,-1.0582445604585564,0.5210731985840564
down_20261007_peligro_p_D02-24297c444c84,2026-10-09T12:00:00Z,low,distance-greedy,11.963,97.30402245747854,0.392,54.00149082150169,87.36989325059699,1.9634837150944335,5.464093847810605,174.60085859999992,40.15819747799997,36.075992295894075,1.206,2269.4123843858324,18.89619412995884,5.274125401324557,34.66031002633576
down_20261007_peligro_p_D02-24297c444c84,2026-10-09T12:00:00Z,high,0,35.712,73.6557022584748,9.781,71.09007176131163,109.46921438802168,18.55347123753687,59.14866322526224,449.05046179999994,103.28160621399995,79.93796839452888,22.125,7725.0111151043975,0,0,0
down_20261007_peligro_p_D02-24297c444c84,2026-10-09T12:00:00Z,high,0.2,35.712,73.62185158991032,9.796,70.92114720923072,109.3641751041799,18.466487920001068,59.14954431330802,443.12118669999995,101.917872941,79.84887408399821,22.073,7698.2231872937045,-26.78792781069352,-47.0079149327035,-7.58595291029081
down_20261007_peligro_p_D02-24297c444c84,2026-10-09T12:00:00Z,high,0.35,35.712,73.52125434502625,9.826,71.35804447237938,109.5852721796326,18.48351241531518,59.054112106569534,445.07495019999925,102.36723854599997,79.9777655135093,22.146,7722.23036670149,-2.7807484029111236,-29.616140488543216,22.43494156462011
down_20261007_peligro_p_D02-24297c444c84,2026-10-09T12:00:00Z,high,0.5,35.712,73.50108908423123,9.83,71.84911647352456,110.03206321157711,18.78318433281589,60.08491702302968,448.90470639999967,103.24808247200004,80.08764281708466,22.207,7775.296901940062,50.285786835665085,18.879395642782164,81.19847256749333
down_20261007_peligro_p_D02-24297c444c84,2026-10-09T12:00:00Z,high,1,35.712,73.36570006342006,9.873,72.41650831717568,110.25300151316024,18.952384897957746,60.47943386753677,453.5762602999996,104.32253986899998,80.14379020051355,22.305,7827.602102430087,102.59098732568724,63.954646340712635,139.0747603660925
down_20261007_peligro_p_D02-24297c444c84,2026-10-09T12:00:00Z,high,eta-greedy,35.712,73.66076110893808,9.779,71.0732172409902,109.47962005282682,18.543311732043957,59.113928673962384,448.98611479999994,103.26680640399996,79.93994675953583,22.119,7723.908466719851,-1.1026483845483452,-4.194005268496233,1.4402147120640734
down_20261007_peligro_p_D02-24297c444c84,2026-10-09T12:00:00Z,high,distance-greedy,35.712,73.56536815701537,9.808,71.09026384476917,109.4219640033943,18.57274648161131,59.56227651422519,439.0598865000001,100.98377389500011,79.82966689959903,22.105,7725.830951329887,0.8198362254860849,-22.85316325466439,25.21064265022112
down_20261007_peligro_p_D01-3acf9899447e,2026-10-08T12:00:00Z,low,0,12.021,96.87289476988595,0.458,53.80761630262654,87.11220247116138,2.0896352785728913,5.668227377328643,192.4016113000002,44.25237059899999,36.01814364109889,1.272,2267.65344484682,0,0,0
down_20261007_peligro_p_D01-3acf9899447e,2026-10-08T12:00:00Z,low,0.2,12.021,96.92027415978362,0.452,53.356316511652935,86.69729767793777,1.9904651900887478,5.514634926584536,185.60351400000025,42.68880822000004,35.94286743325272,1.271,2246.468134789488,-21.185310057331165,-31.896880961499527,-10.763310517621713
down_20261007_peligro_p_D01-3acf9899447e,2026-10-08T12:00:00Z,low,0.35,12.021,96.99530012453094,0.442,53.98722750601339,87.61336664590051,2.056923824286401,5.880919432206969,183.8022550000001,42.27451865000004,36.06805454022265,1.287,2253.8524152265495,-13.801029620271896,-28.472922169728445,0.3495476491546653
down_20261007_peligro_p_D01-3acf9899447e,2026-10-08T12:00:00Z,low,0.5,12.021,96.98706638329796,0.447,55.23148288560789,89.40466411172514,2.086547141472256,5.849786409608332,187.84823800000015,43.20509473999999,36.352030380347564,1.312,2298.553659221845,30.90021437502704,14.829074122295658,48.22690204662315
down_20261007_peligro_p_D01-3acf9899447e,2026-10-08T12:00:00Z,low,1,12.021,96.88011626040746,0.463,58.49939043559597,92.46393978797448,2.1662582876400354,6.246741139692108,201.54905630000013,46.35628294899999,37.01128831323957,1.372,2433.4174843669925,165.7640395201768,146.85958162715426,186.90676761850858
down_20261007_peligro_p_D01-3acf9899447e,2026-10-08T12:00:00Z,low,eta-greedy,12.021,96.86854694379899,0.459,53.80054699442899,87.1048429753039,2.0851706813544597,5.641376933492063,192.4632031000002,44.266536712999994,36.01414097906184,1.271,2267.292332003217,-0.3611128436032839,-1.21278983375633,0.32169968082227335
down_20261007_peligro_p_D01-3acf9899447e,2026-10-08T12:00:00Z,low,distance-greedy,12.021,97.0165695190511,0.446,54.1368562643234,87.3577123301546,2.039430082329172,5.6213236732755485,175.85092210000013,40.445712083,36.14056033026082,1.293,2281.559449473617,13.906004626794145,0.2681131215246516,27.86959600389265
down_20261007_peligro_p_D01-3acf9899447e,2026-10-08T12:00:00Z,high,0,35.896,73.43474404703682,9.904,71.12700879728813,109.76395634754411,18.489552982121555,58.72518803613953,448.60106499999995,103.17824494999992,80.27513000455141,22.387,7782.123083448838,0,0,0
down_20261007_peligro_p_D01-3acf9899447e,2026-10-08T12:00:00Z,high,0.2,35.896,73.49506944197886,9.882,70.86703794702169,109.53493944656249,18.435391505633092,58.766013052647885,443.3786504999998,101.97708961499994,80.26684029177599,22.367,7756.468178785827,-25.65490466300762,-42.75176545416909,-11.879171362479909
down_20261007_peligro_p_D01-3acf9899447e,2026-10-08T12:00:00Z,high,0.35,35.896,73.47636161006646,9.894,71.29273354131264,109.68995741329475,18.506343536824588,58.94066480508229,443.65560810000034,102.04078986299992,80.38062343826313,22.438,7778.798114281729,-3.324969167108475,-32.66131896311284,21.176685720913255
down_20261007_peligro_p_D01-3acf9899447e,2026-10-08T12:00:00Z,high,0.5,35.896,73.4327724622129,9.908,71.6664196709987,109.71533999830726,18.546890905069755,59.111765740714134,448.33546590000026,103.11715715699997,80.47950967675615,22.513,7811.565563801369,29.442480352521297,-0.6381448557573357,58.98687275409689
down_20261007_peligro_p_D01-3acf9899447e,2026-10-08T12:00:00Z,high,1,35.896,73.20534534761667,9.986,72.30371480584687,109.94439051185286,18.641133975946172,59.22219821691586,454.96242950000004,104.64135878500012,80.528546435935,22.56,7869.925990338174,87.80290688932952,54.394633416063506,123.0731296467062
down_20261007_peligro_p_D01-3acf9899447e,2026-10-08T12:00:00Z,high,eta-greedy,35.896,73.43266071370348,9.905,71.13301392476117,109.77763969813664,18.492801144509155,58.74161362352812,448.71211260000007,103.20378589799995,80.27656659788722,22.387,7782.867653733911,0.7445702850709095,-1.0583622864728728,2.502956828438973
down_20261007_peligro_p_D01-3acf9899447e,2026-10-08T12:00:00Z,high,distance-greedy,35.896,73.46772654805068,9.897,71.19874251075312,109.39735287240148,18.495828634769854,59.25049148231472,439.22746290000026,101.02231646699992,80.34879432596776,22.44,7790.992276869341,8.869193420508992,-12.47211718970634,32.21704136551262
down_20261007_peligro_p_D04-7ab3652678c2,2026-10-11T12:00:00Z,low,0,12.041,96.85348508435449,0.452,53.77813710855146,86.40633182701137,1.9497487339777824,5.807607102340717,191.33530999999996,44.00712129999999,36.027195619183054,1.263,2272.087862253221,0,0,0
down_20261007_peligro_p_D04-7ab3652678c2,2026-10-11T12:00:00Z,low,0.2,12.041,96.95888256097487,0.437,53.53211569825601,86.09894461646375,1.931465752193612,5.7033900284851615,185.7378769999999,42.71971171000003,36.01537995002905,1.266,2258.195200724339,-13.892661528882666,-23.719566506399993,-3.0815366260832016
down_20261007_peligro_p_D04-7ab3652678c2,2026-10-11T12:00:00Z,low,0.35,12.041,97.05310482563833,0.427,54.421397420638655,87.70500326051265,2.05248031444822,6.137219536952249,185.60687860000002,42.68958207799998,36.2041034307711,1.299,2275.6386592279155,3.550796974694862,-10.727937063558638,17.630760968697842
down_20261007_peligro_p_D04-7ab3652678c2,2026-10-11T12:00:00Z,low,0.5,12.041,96.93105309683735,0.445,55.817985838065255,89.48281995925127,2.044603844619428,6.041650295362694,190.14441060000019,43.733214438000005,36.481804130829815,1.326,2327.0711273169386,54.983265063721404,36.236693970653754,73.11532604840869
down_20261007_peligro_p_D04-7ab3652678c2,2026-10-11T12:00:00Z,low,1,12.041,96.81823563222422,0.459,58.78025209679011,92.32528386367665,2.151423862435577,6.077943498880273,203.89709139999997,46.89633102199999,37.11437077599966,1.367,2447.8588453075326,175.77098305431608,155.6344722493631,195.28952991350556
down_20261007_peligro_p_D04-7ab3652678c2,2026-10-11T12:00:00Z,low,eta-greedy,12.041,96.84792952879893,0.453,53.80560074332126,86.4178801603447,1.9427432259806285,5.815312059530934,191.64238709999992,44.07774903299998,36.03196838568513,1.263,2273.716907617624,1.6290453644043255,-0.8583719313192144,4.129728096809571
down_20261007_peligro_p_D04-7ab3652678c2,2026-10-11T12:00:00Z,low,distance-greedy,12.041,96.90858869133739,0.446,54.49719704518662,87.45602610556813,1.993748359765955,5.693188178203346,176.38463949999993,40.568467085000016,36.20213608358326,1.292,2296.557647895406,24.469785642187883,8.446596979593174,39.37560682344986
down_20261007_peligro_p_D04-7ab3652678c2,2026-10-11T12:00:00Z,high,0,35.718,73.94796591504218,9.659,71.0667145496894,109.73127391667384,18.595215795579396,59.48751844438153,448.29005820000043,103.10671338600001,80.37810636742093,22.145,7779.833538324519,0,0,0
down_20261007_peligro_p_D04-7ab3652678c2,2026-10-11T12:00:00Z,high,0.2,35.718,73.98853748827193,9.649,70.84769551321955,109.68931796171475,18.515929770855376,59.535363558781924,443.9804807000003,102.11551056100005,80.32778950611213,22.14,7759.43001317636,-20.403525148161727,-35.181728785252325,-6.9901705360242845
down_20261007_peligro_p_D04-7ab3652678c2,2026-10-11T12:00:00Z,high,0.35,35.718,73.8683187237621,9.69,70.94043476730793,109.5402265063984,18.441399611290084,59.095920628232044,443.6032539000003,102.0287483970001,80.30628428176286,22.16,7747.3036154476695,-32.52992287685045,-56.46276713652807,-7.459472356962112
down_20261007_peligro_p_D04-7ab3652678c2,2026-10-11T12:00:00Z,high,0.5,35.718,73.79089800759189,9.715,71.48060561847291,109.73282047550663,18.59978187632019,59.54016117390373,447.0893654999996,102.8305540650001,80.41909011063784,22.215,7792.205909867141,12.372371542622437,-17.29418099340906,43.738745694090476
down_20261007_peligro_p_D04-7ab3652678c2,2026-10-11T12:00:00Z,high,1,35.718,73.65982438508824,9.76,72.13234165536902,109.80447439183916,18.689950088527848,60.14161872318807,453.49966959999915,104.30492400800016,80.54490485497521,22.292,7857.400961675647,77.56742335112648,45.2820748561974,109.09199795961885
down_20261007_peligro_p_D04-7ab3652678c2,2026-10-11T12:00:00Z,high,eta-greedy,35.718,73.94526321233947,9.66,71.07048319252924,109.7320616325706,18.595879658683522,59.52010957773875,448.40006230000046,103.132014329,80.38015529415328,22.146,7780.099625772205,0.2660874476851386,-0.5451408325352868,1.0086971779020524
down_20261007_peligro_p_D04-7ab3652678c2,2026-10-11T12:00:00Z,high,distance-greedy,35.718,73.89189742568766,9.685,70.96483038835403,109.36377619040053,18.45129102973221,59.47446779154035,439.84005760000025,101.16321324800013,80.34757419987044,22.213,7770.143228027481,-9.690310297048205,-32.040792059794455,12.38081132519514
